"","Df","SumOfSqs","R2","F","Pr(>F)"
"Model",1,0.00687349956449323,0.0619930375458469,0.925262349195277,0.45
"Residual",14,0.104001847677686,0.938006962454153,NA,NA
"Total",15,0.110875347242179,1,NA,NA
