Level,Stress
Functional group,0.04812496989438061
Species,0.14995575575399422
