"","Df","SumOfSqs","R2","F","Pr(>F)"
"Model",1,0.0310055153705839,0.0846689931751626,1.29501338380763,0.22
"Residual",14,0.335191296565515,0.915331006824837,NA,NA
"Total",15,0.366196811936099,1,NA,NA
