Type,TransectOrder,response,SE,df,asymp.LCL,asymp.UCL
Dived,A,201.23961643903655,33.89919330571051,Inf,144.6528430999514,279.96258045580134
Undived,A,127.27339442809848,18.264486844671804,Inf,96.06941760009805,168.61262755520025
Dived,B,168.11524085674887,28.328465891491742,Inf,120.82987379023527,233.90518686949676
Undived,B,119.18503028853102,17.099243563174028,Inf,89.97078047901151,157.8853864471236
