contrast,ratio,SE,df,null,z.ratio,p.value
diff_in_diff,1.1209614145237916,0.05982152912054436,Inf,1,2.1396796825039033,0.032380662111238225
