Type,TransectOrder,response,SE,df,asymp.LCL,asymp.UCL
Undived,A,127.27404188638813,18.264532867124682,Inf,96.06997569234635,168.6133635546302
Dived,A,201.23949576882802,33.89910639149508,Inf,144.65285017169035,279.9622310187828
Undived,B,119.1856851498227,17.099293639655862,Inf,89.97133973811108,157.88614003060638
Dived,B,168.11513660850605,28.328392738830157,Inf,120.82987716734986,233.904890242938
