zeros_total,zeros_dived,zeros_undiv
0.009259259259259259,0,0.0196078431372549
