zeros_total,zeros_dived,zeros_undiv
0.011235955056179775,0,0.022727272727272728
