variable,VIF
Vis,1.0005209727663622
Boats,1.0005209727663622
