Estimate,Std. Error,z value,Pr(>|z|)
-4.6539554872524915,0.7104642264480358,-6.5505838492670225,5.7312565495995513e-11
