zeros_total,zeros_dived,zeros_undiv
0.011494252873563218,0,0.023809523809523808
