variable,VIF
Vis,1.0010751418088422
Boats,1.0010751418088422
