model,df,AIC
m_nb_boats,8,1418.838958639135
m_nb,7,1419.0002258068557
m_nb_boats_zi,9,1420.8389587834777
m_nb_zi,8,1421.0002259755436
