model,df,AIC
m_nb_zi,8,1807.003861845121
m_nb_boats_zi,9,1808.9721989804468
m_nb,7,1809.978266395465
m_nb_boats,8,1811.9637564536754
