contrast,ratio,SE,df,null,z.ratio,p.value
diff_in_diff,0.9763636171992295,0.09113015491149513,Inf,1,-0.2562797823149256,0.7977348074467407
