Type,TransectOrder,response,SE,df,asymp.LCL,asymp.UCL
Dived,A,4.460190928642438,1.6485936833999584,Inf,2.1613689950690755,9.204029096988375
Undived,A,1.5401248327225014,0.6467910050152675,Inf,0.6762156594215284,3.507733764103655
Dived,B,3.721824236829543,1.3791067452300567,Inf,1.8003071656667984,7.694229026034739
Undived,B,1.4256989636282758,0.6005385110997828,Inf,0.6244265782975,3.2551745962394394
