Type,TransectOrder,response,SE,df,asymp.LCL,asymp.UCL
Dived,A,39.53752055188428,10.126413531462282,Inf,23.933064903916026,65.31614474228464
Undived,A,15.36371347385133,3.039602758565642,Inf,10.425381464678173,22.641252265572373
Dived,B,34.66001896444141,8.883610018699107,Inf,20.972962031466484,57.27931575964617
Undived,B,13.150042371408126,2.6082964197798346,Inf,8.914403000300206,19.398227157108064
