contrast,ratio,SE,df,null,z.ratio,p.value
diff_in_diff,1.1093523325093535,0.2471518197766169,Inf,1,0.4658049777772632,0.6413551017275366
