Type,TransectOrder,response,SE,df,asymp.LCL,asymp.UCL
Dived,A,122.53417120643388,19.636298827805717,Inf,89.50572107439685,167.75042905656886
Undived,A,77.78574666427016,13.341626101400223,Inf,55.578134113961326,108.86695785273025
Dived,B,102.25465350112569,16.398213856212717,Inf,74.67563558440727,140.01908495062818
Undived,B,74.17968136085148,12.727090491840626,Inf,52.996033669711565,103.83088593179626
