Type,TransectOrder,response,SE,df,asymp.LCL,asymp.UCL
Dived,A,29.331020674980127,2.6074695456591734,Inf,24.640927312490245,34.91381484657152
Undived,A,21.864630287909222,2.112980944211461,Inf,18.091837572928608,26.424184702072317
Dived,B,25.859305617947374,2.3252228067478553,Inf,21.680951043863647,30.842913011035446
Undived,B,21.032614621576737,2.018217487183073,Inf,17.42668923983732,25.384677016475745
