contrast,ratio,SE,df,null,z.ratio,p.value
diff_in_diff,1.0910921804393408,0.10274525209564976,Inf,1,0.9257901070468025,0.354555069403972
