contrast,ratio,SE,df,null,z.ratio,p.value
diff_in_diff,1.142770642336437,0.07070390279926374,Inf,1,2.157013291154464,0.03100462885677531
