model,df,AIC
m_nb,7,773.9637209230114
m_nb_boats,8,775.7349373489023
m_nb_zi,8,775.9637210379866
m_nb_boats_zi,9,777.734937420027
