model,df,AIC
m_nb_zi,8,377.05654668919453
m_nb_boats_zi,9,378.4707073632803
m_nb,7,379.82446416313235
m_nb_boats,8,381.20995024220167
