model,df,AIC
m_nb,7,1028.283333706904
m_nb_zi,8,1028.8570597659977
m_nb_boats,8,1030.1102682137125
m_nb_boats_zi,9,1030.7337764574465
