model,df,AIC
m_nb,7,107.09693359710855
m_nb_boats,8,108.69095584861674
m_nb_zi,8,109.09693394988284
m_nb_boats_zi,9,NA
