model,df,AIC
m_nb,7,957.3618899035376
m_nb_zi,8,957.5627392776779
m_nb_boats,8,959.309178750019
m_nb_boats_zi,9,959.4571237349959
