model,df,AIC
m_nb_boats,8,440.00337753739495
m_nb_boats_zi,9,442.0033775965146
m_nb,7,443.79413077998765
m_nb_zi,8,445.7941308170123
