model,df,AIC
m_nb,7,760.5852831267309
m_nb_zi,8,761.7440989413637
m_nb_boats,8,761.9651187274019
m_nb_boats_zi,9,NA
