model,df,AIC
m_nb_zi,8,1556.6140262510035
m_nb_boats_zi,9,1558.0537227204088
m_nb,7,1567.9628531558242
m_nb_boats,8,1569.5896429325667
