model,df,AIC
m_nb,7,106.92862009842233
m_nb_boats,8,108.51292247576666
m_nb_boats_zi,9,110.51292237091994
m_nb_zi,8,NA
