model,df,AIC
m_nb_boats,8,292.7987544329425
m_nb_zi,8,294.33650382986093
m_nb_boats_zi,9,294.7987547129459
m_nb,7,NA
