model,df,AIC
m_nb_zi,8,384.11376285764965
m_nb_boats_zi,9,385.1049789878162
m_nb,7,385.7251185511438
m_nb_boats,8,387.1446581478178
