model,df,AIC
m_nb,7,720.1537160846673
m_nb_boats,8,721.0138497803549
m_nb_zi,8,722.1537161833936
m_nb_boats_zi,9,723.013849838171
