model,df,AIC
m_nb,7,1278.975384831999
m_nb_boats,8,1280.9740649714686
m_nb_zi,8,1280.975384991089
m_nb_boats_zi,9,1282.9741016803512
