model,df,AIC
m_nb_zi,8,1382.8908052360862
m_nb_boats_zi,9,1384.4961499275075
m_nb,7,1387.0313097934936
m_nb_boats,8,1388.6973540150748
