model,df,AIC
m_nb,7,1002.1177732144582
m_nb_zi,8,1002.6915107273911
m_nb_boats,8,1004.0646982580557
m_nb_boats_zi,9,1004.6634889336211
