model,df,AIC
m_nb,7,1278.9753848319995
m_nb_boats,8,1280.9740649714686
m_nb_zi,8,1280.9753849910908
m_nb_boats_zi,9,1282.9741016803512
