model,df,AIC
m_nb_boats,8,445.37901512419404
m_nb_boats_zi,9,447.3790151727663
m_nb,7,449.51709583503515
m_nb_zi,8,451.5170958691555
