model,df,AIC
m_nb,7,1492.1146261810231
m_nb_zi,8,1493.8598724812152
m_nb_boats,8,1493.9842564209405
m_nb_boats_zi,9,1495.728173768318
