model,df,AIC
m_nb_boats_zi,9,604.5621606463849
m_nb_zi,8,607.5151709341937
m_nb_boats,8,610.009091687338
m_nb,7,610.7316090284055
