model,df,AIC
m_nb_zi,8,1523.749592893676
m_nb,7,1524.5330855186169
m_nb_boats_zi,9,1525.6372872555291
m_nb_boats,8,1526.4047266113203
