model,df,AIC
m_nb,7,957.361889903537
m_nb_zi,8,957.5627392776779
m_nb_boats,8,959.3091787500183
m_nb_boats_zi,9,959.4571237349959
