model,df,AIC
m_nb,7,1492.1146261810227
m_nb_zi,8,1493.8598724812143
m_nb_boats,8,1493.9842564209405
m_nb_boats_zi,9,1495.7281737683172
