model,df,AIC
m_nb,7,410.4256617320615
m_nb_zi,8,410.6270699555798
m_nb_boats,8,412.3865386360659
m_nb_boats_zi,9,412.3933917834996
