model,df,AIC
m_nb_zi,8,675.8711033170616
m_nb_boats_zi,9,677.6927808813114
m_nb,7,680.303140206024
m_nb_boats,8,682.0686208242639
