model,df,AIC
m_nb,7,789.7974215973993
m_nb_boats,8,791.5707610792231
m_nb_zi,8,791.7974217012916
m_nb_boats_zi,9,793.5707611249627
