model,df,AIC
m_nb_zi,8,674.8386862600566
m_nb_boats_zi,9,676.8125859449148
m_nb,7,679.0335935096253
m_nb_boats,8,680.9899441370985
