model,df,AIC
m_nb,7,739.8206507631303
m_nb_boats,8,740.1539831237039
m_nb_zi,8,741.8206508422177
m_nb_boats_zi,9,742.1539832223543
