model,df,AIC
m_nb_zi,8,418.4953035957296
m_nb,7,418.5787589981964
m_nb_boats,8,420.3614627145993
m_nb_boats_zi,9,NA
