model,df,AIC
m_nb,7,1309.365361057818
m_nb_boats,8,1311.355032007254
m_nb_zi,8,1318.6592314470795
m_nb_boats_zi,9,1320.6275654520439
