model,df,AIC
m_nb,7,230.59151155565618
m_nb_boats_zi,9,231.76801175378407
m_nb_zi,8,231.8827836525887
m_nb_boats,8,NA
