model,df,AIC
m_nb_boats,8,440.0033775373954
m_nb_boats_zi,9,442.00337759651404
m_nb,7,443.7941307799874
m_nb_zi,8,445.79413081701273
