model,df,AIC
m_nb,7,976.5771277176727
m_nb_zi,8,976.9089742253461
m_nb_boats,8,978.5687964091283
m_nb_boats_zi,9,NA
