model,df,AIC
m_nb_zi,8,1556.6140262510032
m_nb_boats_zi,9,1558.053722720409
m_nb,7,1567.9628531558237
m_nb_boats,8,1569.5896429325667
