model,df,AIC
m_nb_boats_zi,9,601.8768889863364
m_nb_zi,8,603.5596860372639
m_nb_boats,8,606.1095070997036
m_nb,7,606.5190463502473
