model,df,AIC
m_nb,7,773.9637209230119
m_nb_boats,8,775.734937348903
m_nb_zi,8,775.9637210379863
m_nb_boats_zi,9,777.7349374200278
