model,df,AIC
m_nb_zi,8,1592.5667213402298
m_nb_boats_zi,9,1593.9665101538612
m_nb,7,1605.3718062740488
m_nb_boats,8,1606.9707563997285
