model,df,AIC
m_nb_zi,8,377.0565469390881
m_nb_boats_zi,9,378.4707064829894
m_nb,7,379.8244641631319
m_nb_boats,8,381.2099502422018
