model,df,AIC
m_nb_zi,8,1352.531164041293
m_nb_boats_zi,9,1354.079471527251
m_nb,7,1355.2410120904538
m_nb_boats,8,1356.872096221174
