model,df,AIC
m_nb,7,720.1537160846675
m_nb_boats,8,721.0138497803555
m_nb_zi,8,722.1537161833933
m_nb_boats_zi,9,723.0138498381708
