model,df,AIC
m_nb_boats_zi,9,601.876888986338
m_nb_zi,8,603.5596860372634
m_nb_boats,8,606.109507099703
m_nb,7,606.5190463502478
