model,df,AIC
m_nb,7,410.4256617320617
m_nb_zi,8,410.62706995557994
m_nb_boats,8,412.38653863606567
m_nb_boats_zi,9,412.3933917834995
