effect,component,term,estimate,std.error,statistic,p.value,conf.low,conf.high
fixed,cond,(Intercept),1.4523981546124738,0.18132453120107483,8.009937458500179,1.147667919371089e-15,1.097008603944758,1.8077877052801896
fixed,cond,TypeUndived,0.3565058394063021,0.2496934014341734,1.4277743719242322,0.15335681163632614,-0.13288423458197957,0.8458959133945838
fixed,cond,TransectOrderB,-0.07478520274286382,0.11580533447276609,-0.6457837463476351,0.5184194156384127,-0.3017594875271001,0.15218908204137244
fixed,cond,TypeUndived:TransectOrderB,-0.2019866604537637,0.15573790413443378,-1.2969653185996888,0.1946431200667071,-0.5072273435850054,0.10325402267747799
