effect,component,term,estimate,std.error,statistic,p.value,conf.low,conf.high
fixed,cond,(Intercept),-0.5690993067696036,0.5178698135743345,-1.0989234974745554,0.2718014364548768,-1.5841054900557707,0.4459068765165636
fixed,cond,TypeUndived,0.08952370847482698,0.7543536420495305,0.11867604726027013,0.9055320139322733,-1.3889822615488718,1.568029678498526
fixed,cond,TransectOrderB,-0.3922069430212367,0.4276303803657722,-0.917163422032279,0.35905701101817855,-1.2303470872333142,0.4459332011908408
fixed,cond,TypeUndived:TransectOrderB,0.22206807525544134,0.5815445882775859,0.38185906933320585,0.7025659016899064,-0.9177383731728008,1.3618745236836836
