effect,component,term,estimate,std.error,statistic,p.value,conf.low,conf.high
fixed,cond,(Intercept),-0.5845383917751307,0.8418289227851745,-0.6943671997407702,0.48745195811759756,-2.2344927615782226,1.065415978027961
fixed,cond,TypeUndived,-1.7007873896385737,1.1943232141651599,-1.42405955897578,0.15442923184530902,-4.041617875302404,0.6400430960252568
fixed,cond,TransectOrderB,0.03665945473437678,0.23855287934903968,0.1536743334828432,0.8778665232688786,-0.43089559719806975,0.5042145066668233
fixed,cond,scale(Boats),-1.009511199836405,0.5778532953184163,-1.7470025835538947,0.08063688996214437,-2.1420828470082887,0.1230604473354786
fixed,cond,TypeUndived:TransectOrderB,0.002834202425332604,0.3556815589214943,0.007968370454533929,0.9936422275206915,-0.6942888430258571,0.6999572478765224
fixed,zi,(Intercept),-1.2939028782431894,0.4286228314364539,-3.0187446476122184,0.0025382437153429267,-2.1339881908102214,-0.4538175656761574
