effect,component,term,estimate,std.error,statistic,p.value,conf.low,conf.high
fixed,cond,(Intercept),0.307043356449872,0.5755631876805627,0.533465939139042,0.5937110829426431,-0.8210397622310983,1.4351264751308423
fixed,cond,TypeUndived,-1.3684195032223505,0.8215130036170366,-1.6657307884322479,0.09576704678673423,-2.9785554031430648,0.24171639669836398
fixed,cond,TransectOrderB,0.014593479354046457,0.1809505339601149,0.08064899856699594,0.9357210978657755,-0.3400630501910706,0.36925000889916354
fixed,cond,TypeUndived:TransectOrderB,-0.17466382732117255,0.2942877549194159,-0.5935137442908569,0.5528373875472354,-0.7514572280543778,0.4021295734120326
fixed,zi,(Intercept),-2.340295146109079,0.6250753133846211,-3.744021073935853,1.810984537578916e-4,-3.5654202479680235,-1.1151700442501342
