effect,component,term,estimate,std.error,statistic,p.value,conf.low,conf.high
fixed,cond,(Intercept),-0.5690993067687681,0.5178698135747527,-1.0989234974720545,0.27180143645596777,-1.5841054900557552,0.4459068765182189
fixed,cond,TypeUndived,0.08952370847442846,0.7543536420495605,0.11867604725973713,0.9055320139326957,-1.3889822615493295,1.5680296784981864
fixed,cond,TransectOrderB,-0.3922069430215972,0.4276303803657182,-0.9171634220332378,0.35905701101767623,-1.230347087233569,0.4459332011903746
fixed,cond,TypeUndived:TransectOrderB,0.22206807525599082,0.5815445882774699,0.3818590693342269,0.702565901689149,-0.917738373172024,1.3618745236840057
