effect,component,term,estimate,std.error,statistic,p.value,conf.low,conf.high
fixed,cond,(Intercept),-0.37639638953061566,0.5617497249953671,-0.6700428549986738,0.5028304716235341,-1.4774056188468148,0.7246128397855833
fixed,cond,TypeUndived,-0.532188515969145,0.7503121605269196,-0.709289471725217,0.4781448604992879,-2.0027733277643427,0.9383962958260527
fixed,cond,TransectOrderB,-1.2106688268934473,0.39541773235974803,-3.061746421103822,0.0022004978274813587,-1.9856733411670517,-0.43566431261984306
fixed,cond,TypeUndived:TransectOrderB,1.1734678017644715,0.480102550387127,2.444202391381289,0.014517279971110322,0.23248409411987625,2.114451509409067
fixed,zi,(Intercept),-0.8929462429927972,0.5181521937386755,-1.723328114370862,0.08482920638984136,-1.9085058812310214,0.12261339524542691
