effect,component,term,estimate,std.error,statistic,p.value,conf.low,conf.high
fixed,cond,(Intercept),1.0988044010885356,0.16736329742633616,6.565384513723309,5.189876314512567e-11,0.7707783657990517,1.4268304363780195
fixed,cond,TypeUndived,-0.3665078203014401,0.24580331040261116,-1.4910613681366705,0.13594538373285966,-0.8482734559712775,0.1152578153683973
fixed,cond,TransectOrderB,-0.12957392707033166,0.11700314867014175,-1.107439659043961,0.2681038872426031,-0.35889588454159493,0.09974803040093164
fixed,cond,TypeUndived:TransectOrderB,0.3814622372521062,0.17827127106334772,2.139785255228004,0.03237212535440918,0.03205696648976725,0.7308675080144451
