effect,component,term,estimate,std.error,statistic,p.value,conf.low,conf.high
fixed,cond,(Intercept),-5.125507753326255,1.849534438506275,-2.771242128081556,0.005584288482917056,-8.750528640965065,-1.5004868656874457
fixed,cond,TypeUndived,-0.14755839870714935,1.2169216807551815,-0.12125546042994276,0.9034886970656063,-2.5326810649932536,2.2375642675789553
fixed,cond,TransectOrderB,-1.0986176981906677,1.1547012281688478,-0.9514302673193492,0.34138600164327887,-3.361790518305776,1.164555121924441
fixed,cond,scale(Boats),-1.7970131250737134,1.802141602453231,-0.9971542317359877,0.31868965265257354,-5.329145760923345,1.7351195107759185
fixed,cond,TypeUndived:TransectOrderB,0.5108328428184172,1.2823595102607488,0.3983538459620789,0.6903693742549069,-2.002545612525072,3.024211298161906
fixed,zi,(Intercept),-20.990559562303897,33721.18382851302,-6.224739816090111e-4,0.9995033376526467,-66113.2963795023,66071.3152603777
