effect,component,term,estimate,std.error,statistic,p.value,conf.low,conf.high
fixed,cond,(Intercept),1.2744002595051318,0.3721121724601081,3.424774446586406,6.153100247948173e-4,0.5450738032743627,2.003726715735901
fixed,cond,TypeUndived,-1.5054631750932035,0.5771317688870194,-2.6085259142750745,0.009093312622935777,-2.6366206564456554,-0.3743056937407516
fixed,cond,TransectOrderB,-0.15760399548598247,0.12069330129858555,-1.3058222270023323,0.1916130195175648,-0.3941585192064514,0.07895052823448648
fixed,cond,TypeUndived:TransectOrderB,-0.10424853642638886,0.21004590784431773,-0.4963131036271176,0.6196735226340208,-0.5159309509012707,0.30743387804849304
