effect,component,term,estimate,std.error,statistic,p.value,conf.low,conf.high
fixed,cond,(Intercept),0.9290112180608571,0.31270382833368965,2.97089812750709,0.0029693025862009637,0.3161229766990299,1.5418994594226842
fixed,cond,TypeUndived,-1.0111739142788052,0.4655883147724608,-2.1718197862697206,0.02986925864858685,-1.9237102428555262,-0.09863758570208425
fixed,cond,TransectOrderB,0.08224664197944742,0.12728653591033223,0.6461535101983337,0.5181799438849699,-0.16723038412166794,0.33172366808056275
fixed,cond,TypeUndived:TransectOrderB,-0.033208894485023004,0.23071701417985602,-0.14393777850789508,0.8855496033583348,-0.4854059328981576,0.41898814392811157
