effect,component,term,estimate,std.error,statistic,p.value,conf.low,conf.high
fixed,cond,(Intercept),1.4332020484721097,0.1854706911410464,7.727377515308826,1.0978470980843004e-14,1.0696861736479069,1.7967179232963126
fixed,cond,TypeUndived,0.44284828673766496,0.2635173472835669,1.68052802330741,0.09285462667439659,-0.07363622323965979,0.9593327967149897
fixed,cond,TransectOrderB,-0.07438512328068028,0.11601350437673202,-0.64117641890317,0.5214080686245683,-0.3017674135793549,0.15299716701799435
fixed,cond,TypeUndived:TransectOrderB,-0.1983595903831016,0.15718871332290424,-1.2619200589524662,0.20697755330969195,-0.5064438072721852,0.10972462650598194
