effect,component,term,estimate,std.error,statistic,p.value,conf.low,conf.high
fixed,cond,(Intercept),2.220469364047602,0.1729378047184963,12.839699033198812,9.825570346326866e-38,1.8815174952339282,2.5594212328612755
fixed,cond,TypeUndived,-0.7227397671618576,0.2539188604571725,-2.8463414094588666,0.0044224751715329635,-1.2204115886533673,-0.225067945670348
fixed,cond,TransectOrderB,-0.22206149146396673,0.0778722106902934,-2.851614067399864,0.00434978765326701,-0.37468821981345674,-0.06943476311447672
fixed,cond,TypeUndived:TransectOrderB,0.3603457005110279,0.12903555558497196,2.7926078116797393,0.005228504094471049,0.10744065883936665,0.6132507421826892
