effect,component,term,estimate,std.error,statistic,p.value,conf.low,conf.high
fixed,cond,(Intercept),2.233478615714847,0.18117420786751573,12.327795672483834,6.417843404482842e-35,1.8783836933669429,2.588573538062751
fixed,cond,TypeUndived,-0.6485249890546986,0.25326281640810044,-2.5606798433832623,0.010446757775844707,-1.1449109878377552,-0.15213899027164196
fixed,cond,TransectOrderB,-0.22134523730981834,0.07680402786111326,-2.8819482971659083,0.003952245787820416,-0.37187836578521116,-0.07081210883442551
fixed,cond,TypeUndived:TransectOrderB,0.34835497603050597,0.12442259290665711,2.7997726770719593,0.00511386053363161,0.10449117507036929,0.5922187769906426
