effect,component,term,estimate,std.error,statistic,p.value,conf.low,conf.high
fixed,cond,(Intercept),3.8881431401055315,0.21143795252734696,18.389050279904914,1.6077158982745626e-75,3.473732368187042,4.302553912024021
fixed,cond,TypeUndived,-0.48942023899637965,0.31399741280433413,-1.5586760241918278,0.11907307922719632,-1.1048438593316303,0.126003381338871
fixed,cond,TransectOrderB,-0.20572067370659353,0.06009058574980075,-3.423509209298657,6.181815711850521e-4,-0.32349605758611877,-0.0879452898270683
fixed,cond,TypeUndived:TransectOrderB,0.19131825846124656,0.09092279709449937,2.1041835994376914,0.03536243460181365,0.013112850782384805,0.36952366614010834
fixed,zi,(Intercept),-3.036672484170269,0.36344107356163885,-8.355336545788779,6.524642317882472e-17,-3.7490038988536534,-2.3243410694868847
