effect,component,term,estimate,std.error,statistic,p.value,conf.low,conf.high
fixed,cond,(Intercept),-7.466688104959154,1.758965629296996,-4.2449312144566225,2.1866048697707908e-5,-10.914197388425096,-4.019178821493211
fixed,cond,TypeUndived,0.40509584162007306,1.58842830488828,0.255029352205207,0.7987004288318187,-2.7081664279849633,3.518358111225109
fixed,cond,TransectOrderB,0.4054640767286359,0.6454968739069294,0.6281425877007384,0.5299105364589065,-0.8596865482621381,1.67061470171941
fixed,cond,TypeUndived:TransectOrderB,-1.098614612223515,0.8897562770559377,-1.234736568376518,0.21692856150319081,-2.8425048702715943,0.6452756458245645
