effect,component,term,estimate,std.error,statistic,p.value,conf.low,conf.high
fixed,cond,(Intercept),3.4615032814091053,0.1886512357758528,18.348691261805,3.3815979744511933e-75,3.0917536536494596,3.831252909168751
fixed,cond,TypeUndived,-0.13865093921487254,0.2753572748575136,-0.5035310553774868,0.6145909518273722,-0.6783412808166955,0.4010394023869505
fixed,cond,TransectOrderB,-0.2011460281331972,0.06905279311682232,-2.9129310930681958,0.003580536016320789,-0.33648701567406425,-0.06580504059233014
fixed,cond,TypeUndived:TransectOrderB,0.0671727764183314,0.09950814093726297,0.6750480491910898,0.49964523813608686,-0.12785959598723978,0.26220514882390256
