effect,component,term,estimate,std.error,statistic,p.value,conf.low,conf.high
fixed,cond,(Intercept),-2.7417416508434393,1.0731617412676102,-2.554826123045456,0.010624085415291105,-4.845100013314246,-0.6383832883726321
fixed,cond,TypeUndived,-1.5544175056323501,1.1127067319383466,-1.3969696246238565,0.1624227056122465,-3.7352826255867733,0.626447614322073
fixed,cond,TransectOrderB,-0.33646915734318444,0.4140393567711565,-0.8126501788793816,0.4164186532309452,-1.1479713847967812,0.47503307011041224
fixed,cond,scale(Boats),-0.7945714310039227,0.5722484830857251,-1.38850771035577,0.164982498556017,-1.916157848059622,0.3270149860517766
fixed,cond,TypeUndived:TransectOrderB,0.9932488308490833,0.5290502403378043,1.877418730997803,0.06046072625234589,-0.043670586225272756,2.0301682479234393
