effect,component,term,estimate,std.error,statistic,p.value,conf.low,conf.high
fixed,cond,(Intercept),-1.2575346153368454,0.46019506239581326,-2.7326121423163845,0.006283427703186488,-2.159500363495802,-0.3555688671778887
fixed,cond,TypeUndived,-0.754036521213766,0.698823741558941,-1.0790081623896406,0.2805840889740815,-2.1237058862108165,0.6156328437832846
fixed,cond,TransectOrderB,0.0833815970860396,0.2889260519452928,0.28859148050044175,0.7728940158145978,-0.4829030589220829,0.6496662530941621
fixed,cond,scale(Boats),-0.34866452960991334,0.28199034274053886,-1.2364413838481052,0.21629454130755596,-0.9013554453694752,0.20402638614964852
fixed,cond,TypeUndived:TransectOrderB,-0.3887632457125823,0.45556384676738726,-0.853367203019265,0.3934557031625388,-1.281651978035185,0.5041254866100204
