effect,component,term,estimate,std.error,statistic,p.value,conf.low,conf.high
fixed,cond,(Intercept),3.0847581123992263,0.12993994963073546,23.739874620280524,1.3979599769301727e-124,2.830080490970036,3.3394357338284166
fixed,cond,TypeUndived,-0.5205117425163168,0.18713289802333352,-2.7815084788106814,0.005410691729458609,-0.887285482964657,-0.15373800206797655
fixed,cond,TransectOrderB,-0.15054491337236162,0.042958645566587746,-3.5044148014166447,4.5761196726455954e-4,-0.23474231150749486,-0.06634751523722839
fixed,cond,TypeUndived:TransectOrderB,0.05230735234082941,0.06907905598109472,0.7572100052314652,0.4489240569530859,-0.08308510946814242,0.18769981414980125
