effect,component,term,estimate,std.error,statistic,p.value,conf.low,conf.high
fixed,cond,(Intercept),-5.8394651273204206,1.957252840057566,-2.9835006534713586,0.0028497142723396323,-9.675610202471983,-2.0033200521688577
fixed,cond,TypeUndived,0.929353901233234,1.2207123898753462,0.76132093762736,0.44646539769538074,-1.4631984184042608,3.321906220870729
fixed,cond,TransectOrderB,-1.0986186231392525,1.154704001687791,-0.9514287830763898,0.3413867547897353,-3.3617968792515995,1.1645596329730947
fixed,cond,TypeUndived:TransectOrderB,0.5108331460951743,1.282361986152413,0.39835331334787405,0.6903697668046267,-2.0025501619068056,3.0242164540971546
