effect,component,term,estimate,std.error,statistic,p.value,conf.low,conf.high
fixed,cond,(Intercept),-7.48466156965689,1.7329990849890542,-4.318906821410216,1.568039627608515e-5,-10.881277361476304,-4.0880457778374755
fixed,cond,TypeUndived,0.39771880499528933,1.5700066283865022,0.2533230101098525,0.8000186163781826,-2.6794376421314148,3.4748752521219934
fixed,cond,TransectOrderB,0.40547027025331894,0.645498433181164,0.6281506653007176,0.5299052453949518,-0.8596834108587966,1.6706239513654344
fixed,cond,TypeUndived:TransectOrderB,-1.0986167993251053,0.8897572125123956,-1.234737728310126,0.21692812967025854,-2.8425088908341514,0.6452752921839409
