effect,component,term,estimate,std.error,statistic,p.value,conf.low,conf.high
fixed,cond,(Intercept),0.03378638959526654,0.4784440053530239,0.07061722838461937,0.9437023983761703,-0.9039466295157489,0.9715194087062821
fixed,cond,TypeUndived,-1.321678933755833,0.7311719433450806,-1.807617135456823,0.07066610942824449,-2.7547496092183517,0.11139174170668564
fixed,cond,TransectOrderB,-0.49706670508413875,0.22821816822181717,-2.1780330153251146,0.029403578864355916,-0.9443660954166038,-0.04976731475167373
fixed,cond,scale(Boats),-0.7297009740598067,0.2995666923059912,-2.4358548289956636,0.01485664559613768,-1.3168409019473415,-0.14256104617227194
fixed,cond,TypeUndived:TransectOrderB,-0.23729063901140116,0.35860662454273107,-0.6617017722803554,0.5081623686780998,-0.9401467077326313,0.46556542970982906
