effect,component,term,estimate,std.error,statistic,p.value,conf.low,conf.high
fixed,cond,(Intercept),0.03378638959526604,0.4784440053528636,0.07061722838464198,0.9437023983761523,-0.9039466295154351,0.9715194087059672
fixed,cond,TypeUndived,-1.3216789337558332,0.7311719433452382,-1.8076171354564337,0.07066610942830512,-2.7547496092186603,0.11139174170699384
fixed,cond,TransectOrderB,-0.4970667050841388,0.2282181682214742,-2.1780330153283884,0.029403578864112212,-0.9443660954159316,-0.049767314752346026
fixed,cond,scale(Boats),-0.7297009740598065,0.29956669230599736,-2.4358548289956126,0.014856645596139778,-1.3168409019473533,-0.14256104617225973
fixed,cond,TypeUndived:TransectOrderB,-0.23729063901140207,0.35860662454262365,-0.6617017722805562,0.5081623686779713,-0.9401467077324217,0.4655654297096175
