effect,component,term,estimate,std.error,statistic,p.value,conf.low,conf.high
fixed,cond,(Intercept),0.9076023463975141,0.3076216988606074,2.9503846762408523,0.003173785035331684,0.3046748957676976,1.5105297970273308
fixed,cond,TypeUndived,-1.0129984308930573,0.4363968253268219,-2.321278185592695,0.020271834793600313,-1.8683204915012448,-0.1576763702848697
fixed,cond,TransectOrderB,0.08187380606721475,0.12849583364810413,0.6371709007424518,0.5240135298641287,-0.1699734000465193,0.33372101218094885
fixed,cond,TypeUndived:TransectOrderB,-0.0014935475656652126,0.22959466609629767,-0.006505149231292603,0.9948096784691026,-0.45149082415690794,0.4485037290255775
