effect,component,term,estimate,std.error,statistic,p.value,conf.low,conf.high
fixed,cond,(Intercept),1.3328406694480393,0.3580035835326767,3.7229813631918143,1.9688406003262759e-4,0.6311665393877163,2.0345147995083623
fixed,cond,TypeUndived,-1.5736777174476182,0.5276352776072152,-2.9825104276274397,0.0028589490910695113,-2.607823858530553,-0.5395315763646835
fixed,cond,TransectOrderB,-0.15954075772159845,0.12153797875078372,-1.3126823348670318,0.1892900125679035,-0.39775081882692886,0.07866930338373196
fixed,cond,TypeUndived:TransectOrderB,-0.07078263309610003,0.21014309021536215,-0.3368306472678186,0.7362445685175975,-0.48265552151816116,0.34109025532596116
