effect,component,term,estimate,std.error,statistic,p.value,conf.low,conf.high
fixed,cond,(Intercept),0.1633202744634053,0.5472043026067903,0.29846306705808906,0.7653497604664279,-0.9091804508312606,1.2358209997580711
fixed,cond,TypeUndived,-1.0589458839883055,0.7993682138930627,-1.3247285363412866,0.18526120484273684,-2.6256787936048185,0.5077870256282075
fixed,cond,TransectOrderB,0.019219239809749492,0.1804435798519754,0.1065110757917558,0.9151768681866788,-0.33444367794159957,0.37288215756109855
fixed,cond,TypeUndived:TransectOrderB,-0.17964875468516292,0.29518020339000567,-0.6086070563743149,0.5427849261519322,-0.7581913222787819,0.39889381290845605
fixed,zi,(Intercept),-2.3593892625733597,0.6287693271204821,-3.7523924288394297,1.7515499735044367e-4,-3.591754498312988,-1.1270240268337313
