effect,component,term,estimate,std.error,statistic,p.value,conf.low,conf.high
fixed,cond,(Intercept),1.1024169208156889,0.15528302558149587,7.099403921886599,1.2529611439191037e-12,0.7980677832655452,1.4067660583658326
fixed,cond,TypeUndived,-0.35266280761720903,0.22245473772344032,-1.5853238785844412,0.1128927664137608,-0.7886660817454557,0.08334046651103766
fixed,cond,TransectOrderB,-0.12921209767599035,0.11590257802966869,-1.1148336807738193,0.2649217004484449,-0.3563769763294843,0.09795278097750357
fixed,cond,TypeUndived:TransectOrderB,0.37260480349218433,0.174857774596238,2.130902125184663,0.033097206279784706,0.029889862866735173,0.7153197441176335
