effect,component,term,estimate,std.error,statistic,p.value,conf.low,conf.high
fixed,cond,(Intercept),3.888143140105552,0.21143795252736095,18.389050279903795,1.6077158983077454e-75,3.4737323681870347,4.302553912024069
fixed,cond,TypeUndived,-0.4894202389964468,0.3139974128043526,-1.55867602419195,0.11907307922716744,-1.1048438593317338,0.12600338133884015
fixed,cond,TransectOrderB,-0.20572067370661154,0.06009058574979654,-3.4235092092991968,6.181815711838247e-4,-0.32349605758612854,-0.08794528982709456
fixed,cond,TypeUndived:TransectOrderB,0.19131825846128234,0.09092279709449155,2.104183599438266,0.035362434601763554,0.013112850782435875,0.36952366614012877
fixed,zi,(Intercept),-3.0366724841702575,0.36344107356163907,-8.355336545788742,6.524642317884533e-17,-3.7490038988536423,-2.3243410694868727
