effect,component,term,estimate,std.error,statistic,p.value,conf.low,conf.high
fixed,cond,(Intercept),3.487073740042561,0.1026827889502189,33.959671096712334,8.78080214558316e-253,3.2858191718680048,3.6883283082171174
fixed,cond,TypeUndived,-0.5350791380368184,0.14704811419979985,-3.6388031288166407,2.7390808748595176e-4,-0.823288145862959,-0.24687013021067783
fixed,cond,TransectOrderB,-0.07477871547300352,0.04699956812006959,-1.5910511194904315,0.11159807178505701,-0.1668961762772768,0.01733874533126975
fixed,cond,TypeUndived:TransectOrderB,0.07942295302294398,0.07340283630357006,1.0820147697628018,0.2792459651242563,-0.06444396249514249,0.22328986854103045
fixed,zi,(Intercept),-3.627484110399853,0.4941511429820824,-7.340839259237296,2.1225860856558418e-13,-4.596002553564038,-2.658965667235669
