effect,component,term,estimate,std.error,statistic,p.value,conf.low,conf.high
fixed,cond,(Intercept),-0.4245326805283929,0.5905463839235235,-0.7188811786600836,0.47221413406519247,-1.5819823242188624,0.7329169631620767
fixed,cond,TypeUndived,0.05341436897249681,0.8302630092003619,0.06433427526048757,0.948704062261477,-1.5738712267560597,1.6806999647010534
fixed,cond,TransectOrderB,-1.2100619528965828,0.39380515474518113,-3.072742797588761,0.002121012110146624,-1.9819058731233605,-0.4382180326698052
fixed,cond,TypeUndived:TransectOrderB,1.2403789923858795,0.47262226218282477,2.6244616295837178,0.008678607056840383,0.3140563802156964,2.1667016045560628
fixed,zi,(Intercept),-0.789132730657214,0.3756381828077127,-2.1007787993191496,0.03566038833514312,-1.5253700401784038,-0.0528954211360243
