effect,component,term,estimate,std.error,statistic,p.value,conf.low,conf.high
fixed,cond,(Intercept),3.4791647714948533,0.09670765990899145,35.97610339004156,1.978138660814807e-283,3.289621241044082,3.6687083019456246
fixed,cond,TypeUndived,-0.5129118981117918,0.14266433508218163,-3.5952356124348075,3.240981242561073e-4,-0.7925288567512219,-0.2332949394723618
fixed,cond,TransectOrderB,-0.07469114229371798,0.04697897092058202,-1.589884597940287,0.11186082002069755,-0.16676823332881324,0.017385948741377263
fixed,cond,TypeUndived:TransectOrderB,0.06457872028457678,0.07459197087089972,0.865759672664322,0.3866219685066581,-0.08161885615824743,0.210776296727401
fixed,zi,(Intercept),-3.5935140320472336,0.4924488070290306,-7.297233703797744,2.9374432717729567e-13,-4.558695958053848,-2.628332106040619
