effect,component,term,estimate,std.error,statistic,p.value,conf.low,conf.high
fixed,cond,(Intercept),3.4598611402895223,0.1448948537623692,23.878426669064254,5.1324270574641336e-126,3.175872445370081,3.7438498352089637
fixed,cond,TypeUndived,-0.0027716991996135387,0.20462123118397654,-0.013545511301911199,0.9891925761576347,-0.4038219427924517,0.3982785443932246
fixed,cond,TransectOrderB,-0.20112536829201094,0.06844306635901877,-2.9385791577046807,0.0032972044809294904,-0.33527131334717264,-0.06697942323684922
fixed,cond,TypeUndived:TransectOrderB,0.07745613023435748,0.0980813588349086,0.7897130622418508,0.42969536113903406,-0.11477980063681277,0.26969206110552774
fixed,zi,(Intercept),-3.6046282326720447,0.46716646703655734,-7.715939578321597,1.2009419824586568e-14,-4.5202576828485155,-2.688998782495574
