effect,component,term,estimate,std.error,statistic,p.value,conf.low,conf.high
fixed,cond,(Intercept),3.079211332872934,0.14393346395098447,21.39329693282125,1.5426094174462774e-101,2.7971069273589104,3.3613157383869576
fixed,cond,TypeUndived,-0.5524945187498468,0.20970324119171416,-2.634649400791794,0.00842242291233143,-0.9635053189269227,-0.14148371857277087
fixed,cond,TransectOrderB,-0.1498393372174239,0.04372394250664739,-3.4269402214734797,6.104234334151815e-4,-0.23553668979255274,-0.06414198464229506
fixed,cond,TypeUndived:TransectOrderB,0.04754655326306774,0.07166207911782232,0.6634827491523747,0.5070214242792418,-0.09290854086512386,0.18800164739125935
