effect,component,term,estimate,std.error,statistic,p.value,conf.low,conf.high
fixed,cond,(Intercept),0.3243191910213647,0.8039096151361952,0.4034274312870606,0.686633810194101,-1.251314701471033,1.8999530835137626
fixed,cond,TypeUndived,-2.0411172314805928,1.2256181399437573,-1.665377791792685,0.09583740726006702,-4.443284644569328,0.36105018160814284
fixed,cond,TransectOrderB,0.06017738906850671,0.23017313958043445,0.26144401200852374,0.7937501202201717,-0.39095367471765546,0.5113084528546689
fixed,cond,scale(Boats),-1.0500990223984819,0.5449702090433867,-1.926892525449736,0.05399302520697524,-2.118221004770784,0.018022959973820196
fixed,cond,TypeUndived:TransectOrderB,-0.011806291476414238,0.3532209647960274,-0.03342466233065173,0.9733359429519488,-0.704106661061118,0.6804940781082895
fixed,zi,(Intercept),-0.8448008642994916,0.34355245172269566,-2.4590156759567745,0.013931853440768529,-1.5181512964764106,-0.17145043212257272
