effect,component,term,estimate,std.error,statistic,p.value,conf.low,conf.high
fixed,cond,(Intercept),-1.465567384911176,0.4484550402006881,-3.268036377192505,0.0010829644531755566,-2.344523112389987,-0.5866116574323655
fixed,cond,TypeUndived,-0.35307704579824356,0.6347344870129578,-0.5562594329162954,0.5780335151486489,-1.5971337800891472,0.8909796884926602
fixed,cond,TransectOrderB,0.08338122408499167,0.2889260621205334,0.288590179345631,0.7728950116418281,-0.482903451866236,0.6496659000362194
fixed,cond,TypeUndived:TransectOrderB,-0.38876287491195566,0.4555638616542256,-0.8533663611953222,0.3934561698510864,-1.2816516364122255,0.504125886588314
