Type,TransectOrder,response,SE,df,asymp.LCL,asymp.UCL
Dived,A,1.1774137248568106,0.6442858561899344,Inf,0.40285424764365585,3.441202587759337
Undived,A,0.4083520497804276,0.2599027530918025,Inf,0.1172931734769825,1.4216632700504088
Dived,B,1.2002615774803889,0.6528907465786131,Inf,0.4132937365477766,3.4857238979937337
Undived,B,0.3478252347311311,0.22075579323861522,Inf,0.10025942431360749,1.2066934828723763
