Type,TransectOrder,response,SE,df,asymp.LCL,asymp.UCL
Dived,A,0.01577626551444074,0.027043087864279395,Inf,5.48158515005695e-4,0.4540485037973852
Undived,A,0.013611951985786406,0.021657857597685272,Inf,6.019786483881684e-4,0.30779370225084596
Dived,B,0.005258726724202463,0.009984692689610187,Inf,1.2726606255651076e-4,0.21729443187229655
Undived,B,0.007562209231690211,0.012241579342096241,Inf,3.1676537005258124e-4,0.18053428142845268
