contrast,Type,ratio,SE,df,null,z.ratio,p.value
B / A,Dived,0.8177930020486068,0.056470890982847494,Inf,1,-2.9129310930681958,0.003580536016320789
B / A,Undived,0.8746134587006322,0.06265446821253182,Inf,1,-1.8701748238966378,0.06145954462282222
