Type,TransectOrder,response,SE,df,asymp.LCL,asymp.UCL
Dived,A,0.0029104662090906346,0.00569650117932923,Inf,6.279873812096504e-5,0.13488827654373622
Undived,A,0.007371801206939529,0.013957654467654594,Inf,1.8026929876232317e-4,0.3014570612286261
Dived,B,9.701528223339238e-4,0.002057429972996974,Inf,1.5194046534985931e-5,0.0619450846432036
Undived,B,0.004095445894108631,0.007849800511741471,Inf,9.567332246924655e-5,0.17531195362179133
