contrast,Type,ratio,SE,df,null,z.ratio,p.value
B / A,Dived,0.2981788058169264,0.11742435076646802,Inf,1,-3.072742797588761,0.002121012110146624
B / A,Undived,1.0307812805257512,0.2672191993634241,Inf,1,0.11694607595925749,0.9069027852960272
