contrast,Type,ratio,SE,df,null,z.ratio,p.value
B / A,Dived,0.8008661163905724,0.06236521495028369,Inf,1,-2.851614067399864,0.00434978765326701
B / A,Undived,1.148301861679502,0.1182653802561706,Inf,1,1.3426753826492908,0.1793771092648468
