Type,TransectOrder,response,SE,df,asymp.LCL,asymp.UCL
Dived,A,0.6863302249997393,0.385545815149612,Inf,0.22822903406867384,2.0639318729555445
Undived,A,0.40309423706531167,0.2525376393282047,Inf,0.11806759673983054,1.3762028570236051
Dived,B,0.20452496833100622,0.12671608292357134,Inf,0.060725826683505985,0.6888413868585649
Undived,B,0.3883742157319253,0.260398827824089,Inf,0.10435976404170919,1.445332239205758
