Type,TransectOrder,response,SE,df,asymp.LCL,asymp.UCL
Dived,A,3.000576392625817,0.5021863592548501,Inf,2.161447996383937,4.165475506718636
Undived,A,2.079851674402439,0.3845540079443025,Inf,1.4476031628696393,2.9882381432073304
Dived,B,2.6359152734101676,0.44680898273939496,Inf,1.8908013012704838,3.674658634901724
Undived,B,2.675630065101467,0.47525236273226357,Inf,1.8890064378268185,3.789820988387338
