Type,TransectOrder,response,SE,df,asymp.LCL,asymp.UCL
Dived,A,0.5660350330934505,0.29313245706464747,Inf,0.20513120297452933,1.5619060096327053
Undived,A,0.6190460602673161,0.34291673066646866,Inf,0.20902832552683068,1.8333305965429838
Dived,B,0.3823930587435719,0.20665640076457933,Inf,0.1325854214683613,1.1028697556326599
Undived,B,0.5221948598313416,0.2926918326230508,Inf,0.1740730333245875,1.566511862442268
