contrast,Type,ratio,SE,df,null,z.ratio,p.value
B / A,Dived,0.8784696433285831,0.10278371428082599,Inf,1,-1.1074396590411835,0.2681038872438033
B / A,Undived,1.286452345631907,0.17390991512185353,Inf,1,1.8632767846707192,0.062423334633221125
