Type,TransectOrder,response,SE,df,asymp.LCL,asymp.UCL
Dived,A,0.3454192448109617,0.18272655024271772,Inf,0.12247895757655322,0.9741628851731512
Undived,A,0.16250720843849745,0.08022543763132718,Inf,0.06175289524854646,0.4276494679023954
Dived,B,0.3754556964311994,0.19737761118589248,Inf,0.13399259439348196,1.0520505302604566
Undived,B,0.1197421536969796,0.06135078085454082,Inf,0.04386596008726851,0.32686354848876426
