contrast,Type,ratio,SE,df,null,z.ratio,p.value
B / A,Dived,0.927948804323109,0.04361319304072109,Inf,1,-1.5910511194904315,0.11159807178505701
B / A,Undived,1.0046550387357682,0.05661755769025173,Inf,1,0.08241006581668395,0.9343206319141772
