Type,TransectOrder,response,SE,df,asymp.LCL,asymp.UCL
Dived,A,0.0012771962743723005,0.002562208603674035,Inf,2.5040642075758505e-5,0.06514331055630775
Undived,A,0.0010014784669719562,0.0018266510957053908,Inf,2.8060072084461676e-5,0.03574328379448071
Dived,B,0.0019158119029193729,0.0038033477601847722,Inf,3.913027689258483e-5,0.09379783479280913
Undived,B,5.007370807829438e-4,9.303218509735283e-4,Inf,1.3126782144906133e-5,0.019101225365298173
