contrast,Type,ratio,SE,df,null,z.ratio,p.value
B / A,Dived,1.5000077432377177,0.9682526480195605,Inf,1,0.6281506653007176,0.5299052453949518
B / A,Undived,0.5000003257441856,0.3061862826222069,Inf,1,-1.1319040401034894,0.2576747799743627
