Type,TransectOrder,response,SE,df,asymp.LCL,asymp.UCL
Dived,A,21.862178012662746,2.8407703097835695,Inf,16.946824836015054,28.20320809840521
Undived,A,12.990864372970236,1.7552995584118232,Inf,9.968398751022063,16.929755858693365
Dived,B,18.80670018245447,2.4543737809076682,Inf,14.562176830873556,24.288399726259588
Undived,B,11.775355244731898,1.5963887040937055,Inf,9.02768403534424,15.359309275421237
