contrast,ratio,SE,df,null,z.ratio,p.value
diff_in_diff,0.8397392707243435,0.24712498469913463,Inf,1,-0.5935137442908569,0.5528373875472354
