contrast,ratio,SE,df,null,z.ratio,p.value
diff_in_diff,0.8200749090607612,0.12890651978365875,Inf,1,-1.2619200589524662,0.20697755330969195
