contrast,ratio,SE,df,null,z.ratio,p.value
diff_in_diff,2.699984086405849,1.428426861490841,Inf,1,1.8774136357082922,0.06046142405382689
