contrast,Type,ratio,SE,df,null,z.ratio,p.value
B / A,Dived,0.6755642961772337,0.28889181693576915,Inf,1,-0.9171634220332378,0.35905701101767623
B / A,Undived,0.84354766688273,0.33465774710855634,Inf,1,-0.4288567833548209,0.6680274523292217
