contrast,Type,ratio,SE,df,null,z.ratio,p.value
B / A,Dived,1.4999984529315051,0.9682443122325171,Inf,1,0.6281425877007384,0.5299105364589065
B / A,Undived,0.49999832253534704,0.30618519831445196,Inf,1,-1.1319100561353255,0.2576722504539032
