contrast,Type,ratio,SE,df,null,z.ratio,p.value
B / A,Dived,1.0194051183039816,0.18394510886617993,Inf,1,0.10651107579176539,0.9151768681866711
B / A,Undived,0.8517778591246399,0.20030176203283895,Inf,1,-0.6822221998156008,0.4950984592316922
