Type,TransectOrder,response,SE,df,asymp.LCL,asymp.UCL
Dived,A,1.554143847723241,0.8481615177545042,Inf,0.5332794034857662,4.529263803604725
Undived,A,0.4144702335088397,0.21182923192284514,Inf,0.15221505019654616,1.1285715456064016
Dived,B,0.9454049816120037,0.5218822434123017,Inf,0.320433418978657,2.7893176127060753
Undived,B,0.19886850250922913,0.10638626447028621,Inf,0.06969619436058246,0.567443913589499
