contrast,ratio,SE,df,null,z.ratio,p.value
diff_in_diff,1.248656377572924,0.726149358995828,Inf,1,0.38185906933320585,0.7025659016899064
