Type,TransectOrder,response,SE,df,asymp.LCL,asymp.UCL
Dived,A,9.211653470323478,1.5930431289850822,Inf,6.563457324082316,12.928332655714597
Undived,A,4.471525371728028,0.8370458022907448,Inf,3.0982416717868255,6.453511787696075
Dived,B,7.377301140313599,1.2845972541706914,Inf,5.244199367732033,10.378051690740621
Undived,B,5.13466090890242,0.9525566576836542,Inf,3.569448394074513,7.386223230787591
