Type,TransectOrder,response,SE,df,asymp.LCL,asymp.UCL
Dived,A,1.1774137248568093,0.6442858561904429,Inf,0.40285424764331385,3.44120258776225
Undived,A,0.40835204978042705,0.25990275309167987,Inf,0.11729317347705119,1.4216632700495726
Dived,B,1.2002615774803873,0.6528907465792421,Inf,0.4132937365473512,3.485723897997314
Undived,B,0.34782523473113053,0.22075579323853103,Inf,0.10025942431365469,1.2066934828718043
