Type,TransectOrder,response,SE,df,asymp.LCL,asymp.UCL
Dived,A,0.9645403504854062,0.9670577170972662,Inf,0.13517528540877077,6.88245698835525
Undived,A,0.17606694243802837,0.14102764763780457,Inf,0.03663320582216196,0.8462149987627406
Dived,B,1.000555997383231,1.0079149402563092,Inf,0.1389246763044026,7.206151783330276
Undived,B,0.18315960563019504,0.1487303682766649,Inf,0.03729339197569234,0.8995545687148716
