contrast,Type,ratio,SE,df,null,z.ratio,p.value
B / A,Dived,1.0869561034195812,0.31404994665889885,Inf,1,0.288590179345631,0.7728950116418281
B / A,Undived,0.7368421043231079,0.2595318170270999,Inf,1,-0.8670153077744172,0.3859336223977246
