contrast,ratio,SE,df,null,z.ratio,p.value
diff_in_diff,0.726315771408658,0.3270652219979991,Inf,1,-0.7101161412275755,0.4776321175853066
