Type,TransectOrder,response,SE,df,asymp.LCL,asymp.UCL
Dived,A,2.4848802805390764,2.341350313654486,Inf,0.3919859057146306,15.752173531226775
Undived,A,0.322744997193442,0.26972275897076453,Inf,0.06273325510065099,1.6604324619577087
Dived,B,2.6390047847485563,2.4999905858143476,Inf,0.41217074807876686,16.896750403536323
Undived,B,0.3387402625822841,0.2849529177955641,Inf,0.06513651221490462,1.7616074547519098
