Type,TransectOrder,response,SE,df,asymp.LCL,asymp.UCL
Dived,A,4.192101034510137,0.7775118762037728,Inf,2.9144647206119396,6.029824605271281
Undived,A,6.527671764405493,1.2367191876482617,Inf,4.502890903851476,9.462920504551976
Dived,B,3.8915865392603037,0.7269780991120398,Inf,2.6984584832024883,5.612258215875456
Undived,B,4.969432366162158,0.9547507005461207,Inf,3.4101222114348175,7.241751617889797
