contrast,ratio,SE,df,null,z.ratio,p.value
diff_in_diff,3.2331852659755596,1.5522604920689478,Inf,1,2.444202391381289,0.014517279971110322
