contrast,ratio,SE,df,null,z.ratio,p.value
diff_in_diff,0.8171058276905061,0.12725434906055122,Inf,1,-1.2969653185996888,0.1946431200667071
