contrast,Type,ratio,SE,df,null,z.ratio,p.value
B / A,Dived,0.8525352192951805,0.10361540736699239,Inf,1,-1.3126823348670318,0.1892900125679035
B / A,Undived,0.7942766991742594,0.13613312183449933,Inf,1,-1.343835358625729,0.17900163280803705
