contrast,Type,ratio,SE,df,null,z.ratio,p.value
B / A,Dived,1.085723561817171,0.13819799113993517,Inf,1,0.6461535101983337,0.5181799438849699
B / A,Undived,1.050259994675087,0.2018437545169163,Inf,1,0.25515966320402594,0.7985997841879924
