Type,TransectOrder,response,SE,df,asymp.LCL,asymp.UCL
Dived,A,2.484880280539919,2.3413503136510583,Inf,0.3919859057160688,15.752173531179661
Undived,A,0.3227449971935742,0.2697227589711446,Inf,0.06273325510057397,1.6604324619611068
Dived,B,2.639004784749553,2.499990585812429,Inf,0.4121707480797988,16.896750403506783
Undived,B,0.33874026258241013,0.28495291779579995,Inf,0.06513651221487991,1.7616074547538882
