contrast,Type,ratio,SE,df,null,z.ratio,p.value
B / A,Dived,0.8608462712726558,0.037639592872187384,Inf,1,-3.4269402214734797,6.104234334151815e-4
B / A,Undived,0.9027651978070117,0.05093183393155606,Inf,1,-1.813136465199397,0.06981077617148404
