contrast,ratio,SE,df,null,z.ratio,p.value
diff_in_diff,0.9673364672286114,0.22318098142627538,Inf,1,-0.14393777850789508,0.8855496033583348
