Type,TransectOrder,response,SE,df,asymp.LCL,asymp.UCL
Dived,A,0.0029103989024301465,0.005696386517481827,Inf,6.279656380475077e-5,0.1348867080944609
Undived,A,0.007371668363939814,0.013957408501677858,Inf,1.802657838972903e-4,0.3014520742265385
Dived,B,9.701268222168921e-4,0.002057380887341919,Inf,1.519345351685563e-5,0.061944182087406076
Undived,B,0.00409537617802253,0.007849669092866525,Inf,9.567159278948749e-5,0.1753091544782703
