contrast,Type,ratio,SE,df,null,z.ratio,p.value
B / A,Dived,1.0147004840639136,0.18361059440095223,Inf,1,0.08064899856699594,0.9357210978657755
B / A,Undived,0.8520838444914691,0.19905113010189485,Inf,1,-0.6852176996689036,0.4932065564659639
