Type,TransectOrder,response,SE,df,asymp.LCL,asymp.UCL
Dived,A,31.864842352855646,6.01134188766844,Inf,22.015651971590415,46.120286579866054
Undived,A,27.739359970893023,5.56895276613937,Inf,18.715836803115394,41.11342173419132
Dived,B,26.058845087547553,4.928018255951396,Inf,17.98802400031724,37.75086175584518
Undived,B,24.261217566284817,4.8782314036814745,Inf,16.359141247095653,35.98029193024458
