contrast,ratio,SE,df,null,z.ratio,p.value
diff_in_diff,1.4338250029290855,0.18501440586456713,Inf,1,2.79260781168002,0.005228504094466513
