contrast,Type,ratio,SE,df,null,z.ratio,p.value
B / A,Dived,0.6075246787215605,0.13856460485758995,Inf,1,-2.185027746288368,0.028886812257881485
B / A,Undived,0.4803259425823794,0.1336745275698143,Inf,1,-2.634895286540979,0.008416324289351552
