Type,TransectOrder,response,SE,df,asymp.LCL,asymp.UCL
Dived,A,21.74124902452901,3.129293282721423,Inf,16.39713996688445,28.82709485320055
Undived,A,12.512358227693552,1.9136915010771378,Inf,9.271561997302754,16.885947423279493
Dived,B,18.715873155576062,2.703461451773292,Inf,14.101202252245777,24.840712281807466
Undived,B,11.295721550455962,1.7327426716822205,Inf,8.362598475147623,15.257617082133418
