contrast,ratio,SE,df,null,z.ratio,p.value
diff_in_diff,0.8200749090607916,0.12890651978365245,Inf,1,-1.2619200589523385,0.20697755330973788
