Type,TransectOrder,response,SE,df,asymp.LCL,asymp.UCL
Dived,A,48.82015012860066,10.322432585269018,Inf,32.256912720242376,73.88825704585899
Undived,A,29.925857353509958,6.942469432391601,Inf,18.992284832238283,47.15372301190802
Dived,B,39.74255255337257,8.421600803863049,Inf,26.235107832561045,60.20445936560097
Undived,B,29.49794163609647,6.836220794907504,Inf,18.729390863152037,46.457920982279965
