Type,TransectOrder,response,SE,df,asymp.LCL,asymp.UCL
Dived,A,0.6540753758790792,0.38626184803880964,Inf,0.2055671932127774,2.0811423780473506
Undived,A,0.689962306215724,0.4463776213734531,Inf,0.19414781118174085,2.451987385801091
Dived,B,0.1950314144938811,0.12698886661512782,Inf,0.0544339900178806,0.6987775951568035
Undived,B,0.7112002295155445,0.4763081213965974,Inf,0.19139098428981607,2.642787842592631
