contrast,ratio,SE,df,null,z.ratio,p.value
diff_in_diff,0.9010013379386069,0.18925164399622282,Inf,1,-0.4963131036272308,0.6196735226339409
