Type,TransectOrder,response,SE,df,asymp.LCL,asymp.UCL
Dived,A,0.5989508817953688,0.3163072174379905,Inf,0.21275015619791784,1.6862133744791152
Undived,A,0.4884867034276624,0.2599023255465103,Inf,0.17217329133069323,1.3859249456253298
Dived,B,0.3706666822305802,0.21151022226248453,Inf,0.12113510148783996,1.13421945933333
Undived,B,0.6381001837227382,0.3422781190705745,Inf,0.22299893405883586,1.8258914383849225
