contrast,ratio,SE,df,null,z.ratio,p.value
diff_in_diff,0.9673364672286113,0.22318098142626294,Inf,1,-0.1439377785079033,0.8855496033583283
