contrast,Type,ratio,SE,df,null,z.ratio,p.value
B / A,Dived,0.9283141096133077,0.10769697301860362,Inf,1,-0.6411764189031596,0.521408068624575
B / A,Undived,0.7612871090209831,0.08073725912557275,Inf,1,-2.5717622422986004,0.010118235234112986
