contrast,ratio,SE,df,null,z.ratio,p.value
diff_in_diff,1.08053482860907,0.10598032425842265,Inf,1,0.7897130622418508,0.42969536113903406
