contrast,Type,ratio,SE,df,null,z.ratio,p.value
B / A,Dived,0.33333122184964,0.3848988957572601,Inf,1,-0.9514287830763898,0.3413867547897353
B / A,Undived,0.5555562154770812,0.3098743627959839,Inf,1,-1.0538073307922946,0.2919711365386774
