contrast,ratio,SE,df,null,z.ratio,p.value
diff_in_diff,1.0826621404707908,0.07947047186905022,Inf,1,1.0820147697628018,0.2792459651242563
