contrast,Type,ratio,SE,df,null,z.ratio,p.value
B / A,Dived,0.8141497382622036,0.048338516261856215,Inf,1,-3.4630380791459405,5.341128011190192e-4
B / A,Undived,0.9870771589139794,0.06468734170896935,Inf,1,-0.19847745800563893,0.8426715198242507
