contrast,Type,ratio,SE,df,null,z.ratio,p.value
B / A,Dived,0.6083124049276291,0.1388279427589832,Inf,1,-2.1780330153283884,0.029403578864112212
B / A,Undived,0.4798137150300023,0.13343137520747245,Inf,1,-2.640718683159571,0.008273038207628298
