Type,TransectOrder,response,SE,df,asymp.LCL,asymp.UCL
Dived,A,4.192101034510056,0.7775118762036757,Inf,2.914464720611995,6.029824605270933
Undived,A,6.527671764405456,1.2367191876482653,Inf,4.502890903851436,9.462920504551956
Dived,B,3.891586539260219,0.7269780991119922,Inf,2.698458483202473,5.612258215875244
Undived,B,4.969432366161931,0.9547507005460226,Inf,3.410122211434736,7.241751617889311
