contrast,ratio,SE,df,null,z.ratio,p.value
diff_in_diff,0.9985075672214353,0.22925201149083194,Inf,1,-0.006505149231292603,0.9948096784691026
