contrast,ratio,SE,df,null,z.ratio,p.value
diff_in_diff,1.6666792039291274,2.1372860542294783,Inf,1,0.39835331334787405,0.6903697668046267
