contrast,Type,ratio,SE,df,null,z.ratio,p.value
B / A,Dived,1.0620249214485473,0.2444496104825765,Inf,1,0.26144401200824985,0.7937501202203828
B / A,Undived,1.049560072279773,0.30964425535042156,Inf,1,0.16395709530471944,0.8697649196401276
