Type,TransectOrder,response,SE,df,asymp.LCL,asymp.UCL
Dived,A,3.000576392625596,0.5021863592494404,Inf,2.1614479963913635,4.165475506703711
Undived,A,2.0798516744024766,0.38455400793307526,Inf,1.4476031628849908,2.9882381431757485
Dived,B,2.6359152734099327,0.4468089827372564,Inf,1.8908013012732658,3.6746586348956627
Undived,B,2.6756300651015077,0.4752523627318527,Inf,1.8890064378274263,3.7898209883862357
