Type,TransectOrder,response,SE,df,asymp.LCL,asymp.UCL
Dived,A,0.5660350330939234,0.29313245706512914,Inf,0.20513120297453252,1.5619060096352908
Undived,A,0.6190460602675867,0.3429167306669773,Inf,0.20902832552668457,1.8333305965458677
Dived,B,0.38239305874375357,0.20665640076494599,Inf,0.13258542146824184,1.1028697556347014
Undived,B,0.5221948598316686,0.29269183262353443,Inf,0.17407303332450022,1.5665118624450147
