Type,TransectOrder,response,SE,df,asymp.LCL,asymp.UCL
Dived,A,31.864842352854318,6.0113418876687,Inf,22.015651971588802,46.120286579865585
Undived,A,27.739359970894984,5.56895276613955,Inf,18.715836803116996,41.1134217341936
Dived,B,26.058845087546327,4.928018255951711,Inf,17.988024000315658,37.750861755844944
Undived,B,24.261217566286327,4.878231403681668,Inf,16.359141247096815,35.9802919302465
