contrast,ratio,SE,df,null,z.ratio,p.value
diff_in_diff,2.6999943637772543,1.42853053250701,Inf,1,1.8772917285962925,0.06047812126116229
