contrast,ratio,SE,df,null,z.ratio,p.value
diff_in_diff,1.4338250029290656,0.18501440586457601,Inf,1,2.7926078116797393,0.005228504094471049
