contrast,ratio,SE,df,null,z.ratio,p.value
diff_in_diff,0.8355636476906955,0.24664184747058995,Inf,1,-0.6086070563744254,0.5427849261518589
