contrast,ratio,SE,df,null,z.ratio,p.value
diff_in_diff,0.33333255881576473,0.29658473655344425,Inf,1,-1.234736568376518,0.21692856150319081
