contrast,ratio,SE,df,null,z.ratio,p.value
diff_in_diff,1.066709546618669,0.0795679674290904,Inf,1,0.865759672664322,0.3866219685066581
