contrast,Type,ratio,SE,df,null,z.ratio,p.value
B / A,Dived,0.92803007130847,0.043597897733426275,Inf,1,-1.589884597940287,0.11186082002069755
B / A,Undived,0.989938536613949,0.05732406194292855,Inf,1,-0.1746330581967218,0.8613679710341282
