Type,TransectOrder,response,SE,df,asymp.LCL,asymp.UCL
Dived,A,32.43262210962447,3.1364829889344,Inf,26.832698606059758,39.201236981365405
Undived,A,19.41901757714646,2.022051502613765,Inf,15.834117551127868,23.815551605189537
Dived,B,30.098448609115447,2.9176769574331667,Inf,24.89032218700897,36.39633918231841
Undived,B,19.22363384280092,2.015717945498744,Inf,15.652427226338713,23.609635283927936
