contrast,ratio,SE,df,null,z.ratio,p.value
diff_in_diff,0.90100133793861,0.18925164399626027,Inf,1,-0.4963131036271176,0.6196735226340208
