Type,TransectOrder,response,SE,df,asymp.LCL,asymp.UCL
Dived,A,21.74124902424529,3.1292932829030633,Inf,16.397139966341598,28.82709485340252
Undived,A,12.512358227467965,1.9136915012250442,Inf,9.271561996870682,16.885947423457534
Dived,B,18.71587315528058,2.703461452000044,Inf,14.101202251625274,24.84071228211618
Undived,B,11.29572155024781,1.7327426717764376,Inf,8.362598474810476,15.257617082186227
