Type,TransectOrder,response,SE,df,asymp.LCL,asymp.UCL
Dived,A,1.3632419578152566,0.8164342688541689,Inf,0.42149790517136176,4.409105271335624
Undived,A,0.4832529773716492,0.2282027614228898,Inf,0.19152184335055739,1.21935668565548
Dived,B,0.8282031324414649,0.5009519625481557,Inf,0.2530893953149657,2.710190317268084
Undived,B,0.23211894186177864,0.11549892786536611,Inf,0.08753170208768772,0.615539306171112
