contrast,Type,ratio,SE,df,null,z.ratio,p.value
B / A,Dived,0.8787875569793456,0.10185374339430053,Inf,1,-1.1148336807738193,0.2649217004484449
B / A,Undived,1.2755694493152447,0.16771574865609673,Inf,1,1.8511338512516253,0.06415029920918183
