Type,TransectOrder,response,SE,df,asymp.LCL,asymp.UCL
Dived,A,48.82015012860166,10.322432585269912,Inf,32.25691272024215,73.88825704586253
Undived,A,29.925857353508547,6.9424694323919525,Inf,18.992284832236546,47.1537230119079
Dived,B,39.742552553372654,8.421600803863292,Inf,26.2351078325608,60.20445936560177
Undived,B,29.497941636095604,6.836220794907943,Inf,18.729390863150687,46.457920982280584
