Type,TransectOrder,response,SE,df,asymp.LCL,asymp.UCL
Dived,A,0.024367545772995693,0.028195007244923537,Inf,0.0025229592581809744,0.23534953450938687
Undived,A,0.013270396404330233,0.016277389867654382,Inf,0.0011989611461369106,0.14688000632503503
Dived,B,0.017405423868436666,0.020353089516438577,Inf,0.0017592569937669067,0.17220268619837817
Undived,B,0.02559290396478003,0.031031112727665074,Inf,0.002377098178292559,0.27554467010737016
