contrast,Type,ratio,SE,df,null,z.ratio,p.value
B / A,Dived,1.0869565088554225,0.31405005273983594,Inf,1,0.28859148050044175,0.7728940158145978
B / A,Undived,0.736842105944471,0.2595318095541811,Inf,1,-0.8670153283996594,0.3859336110970034
