contrast,Type,ratio,SE,df,null,z.ratio,p.value
B / A,Dived,0.9283141096133054,0.1076969730186053,Inf,1,-0.64117641890317,0.5214080686245683
B / A,Undived,0.7612871090209529,0.08073725912557392,Inf,1,-2.5717622422988353,0.010118235234106125
