contrast,Type,ratio,SE,df,null,z.ratio,p.value
B / A,Dived,0.8178098976966826,0.055973417097116396,Inf,1,-2.9385791577046807,0.0032972044809294904
B / A,Undived,0.8836720776424859,0.062083823639016995,Inf,1,-1.7602500318003957,0.07836542232931341
