Type,TransectOrder,response,SE,df,asymp.LCL,asymp.UCL
Dived,A,9.332273072832699,1.6907671815738112,Inf,6.542920944544925,13.310770746592855
Undived,A,4.879065114721745,0.8633560298901416,Inf,3.44917753556008,6.90172545433478
Dived,B,7.479256423372868,1.363165774367446,Inf,5.232615559923182,10.690500000612603
Undived,B,5.539827512689148,0.9725305366617345,Inf,3.927043291404909,7.81496066965137
