contrast,ratio,SE,df,null,z.ratio,p.value
diff_in_diff,1.002838222574101,0.3566910623512167,Inf,1,0.007968370454533929,0.9936422275206915
