contrast,Type,ratio,SE,df,null,z.ratio,p.value
B / A,Dived,0.7142871108392664,0.29574302073224384,Inf,1,-0.8126527707190344,0.4164171668037992
B / A,Undived,1.9285711733847581,0.6352699091720956,Inf,1,1.9938703339704025,0.04616622671447836
