contrast,ratio,SE,df,null,z.ratio,p.value
diff_in_diff,1.4644243604792635,0.26106479212224254,Inf,1,2.139785255199457,0.03237212535671726
