Type,TransectOrder,response,SE,df,asymp.LCL,asymp.UCL
Dived,A,3.0114356368440713,0.4676248370330862,Inf,2.22124485287842,4.082730718814112
Undived,A,2.116479538241775,0.3463899555369087,Inf,1.535690327193905,2.916919874061635
Dived,B,2.646412166302741,0.41719446776948627,Inf,1.9429854698290199,3.604503205354112
Undived,B,2.699716639082044,0.4211843233217914,Inf,1.9884823840066426,3.665342972086446
