contrast,Type,ratio,SE,df,null,z.ratio,p.value
B / A,Dived,0.3333324466381779,0.3848997281725576,Inf,1,-0.9514270392477631,0.3413876396585902
B / A,Undived,0.5555556612478019,0.30987434292416943,Inf,1,-1.0538081356415863,0.29197076797690763
