contrast,ratio,SE,df,null,z.ratio,p.value
diff_in_diff,0.7887620096898826,0.28285528186234504,Inf,1,-0.6617017722805562,0.5081623686779713
