contrast,ratio,SE,df,null,z.ratio,p.value
diff_in_diff,1.2108447523532473,0.11009339173114417,Inf,1,2.104183599438266,0.035362434601763554
