contrast,ratio,SE,df,null,z.ratio,p.value
diff_in_diff,1.0694802431785184,0.10642199076783879,Inf,1,0.6750480491910393,0.49964523813611883
