contrast,Type,ratio,SE,df,null,z.ratio,p.value
B / A,Dived,0.8140604330114483,0.04891736825539436,Inf,1,-3.423509209298657,6.181815711850521e-4
B / A,Undived,0.985700803410289,0.06724795578063578,Inf,1,-0.21110637659672934,0.8328042645561086
