contrast,ratio,SE,df,null,z.ratio,p.value
diff_in_diff,1.4167350674811539,0.176273850557793,Inf,1,2.7997726770719593,0.00511386053363161
