Type,TransectOrder,response,SE,df,asymp.LCL,asymp.UCL
Dived,A,0.2309469184995923,0.1035693096199597,Inf,0.0958929213742531,0.5562087211452708
Undived,A,0.1622455370000949,0.08161449780542197,Inf,0.060532998805008106,0.4348638725341213
Dived,B,0.25102916262907643,0.11159754790459409,Inf,0.10503013896711619,0.5999767410570105
Undived,B,0.11954934290018258,0.062330618700570925,Inf,0.04302767293736349,0.33215938516291
