contrast,ratio,SE,df,null,z.ratio,p.value
diff_in_diff,0.33333182978439246,0.29658439971061734,Inf,1,-1.234737728310126,0.21692812967025854
