contrast,ratio,SE,df,null,z.ratio,p.value
diff_in_diff,0.9316643831218077,0.19578283251280576,Inf,1,-0.3368306472678186,0.7362445685175975
