contrast,ratio,SE,df,null,z.ratio,p.value
diff_in_diff,1.0694802431785153,0.10642199076782598,Inf,1,0.6750480491910898,0.49964523813608686
