contrast,Type,ratio,SE,df,null,z.ratio,p.value
B / A,Dived,1.0857235618171708,0.1381979911399387,Inf,1,0.6461535101983165,0.5181799438849812
B / A,Undived,1.0502599946750868,0.2018437545169013,Inf,1,0.2551596632040442,0.7985997841879783
