Type,TransectOrder,response,SE,df,asymp.LCL,asymp.UCL
Dived,A,2.5320043392919622,0.791767450254111,Inf,1.3717989445593606,4.673458891056835
Undived,A,0.9211220834253676,0.3259536952758924,Inf,0.460368917650973,1.8430129838112814
Dived,B,2.7490567697926016,0.8584097396429857,Inf,1.4907020065584307,5.069633696267726
Undived,B,0.9674176744334316,0.34104928645657184,Inf,0.48476925540451354,1.9306029546474313
