Type,TransectOrder,response,SE,df,asymp.LCL,asymp.UCL
Dived,A,2.532004339291963,0.791767450253973,Inf,1.3717989445595078,4.673458891056337
Undived,A,0.9211220834253689,0.3259536952758574,Inf,0.4603689176510084,1.8430129838111449
Dived,B,2.7490567697926025,0.8584097396427975,Inf,1.4907020065586314,5.069633696267047
Undived,B,0.9674176744334329,0.34104928645654436,Inf,0.4847692554045415,1.9306029546473247
