Type,TransectOrder,response,SE,df,asymp.LCL,asymp.UCL
Dived,A,0.10041852284500694,0.12246985093544929,Inf,0.009197998594858835,1.096312379957255
Undived,A,0.021219682591731296,0.022269446719830416,Inf,0.0027128597342599248,0.16597796178233307
Dived,B,0.0717277371871672,0.08831491306424498,Inf,0.00642160530134455,0.8011810194740717
Undived,B,0.040923679181092194,0.042272365190318316,Inf,0.005404068199017113,0.3099049560517317
