Type,TransectOrder,response,SE,df,asymp.LCL,asymp.UCL
Dived,A,5.61633211532574e-4,9.733098416854146e-4,Inf,1.8807076272470305e-5,0.016771977724050622
Undived,A,8.359491562083945e-4,0.0014516354035653378,Inf,2.780087808727927e-5,0.025136292082992853
Dived,B,8.424541661583277e-4,0.0014395742682720741,Inf,2.958180123380482e-5,0.023992082715587826
Undived,B,4.179748504097741e-4,7.407090230804379e-4,Inf,1.2962946801802508e-5,0.013477103489368675
