contrast,ratio,SE,df,null,z.ratio,p.value
diff_in_diff,0.8355636476906956,0.24664184747063456,Inf,1,-0.6086070563743149,0.5427849261519322
