contrast,ratio,SE,df,null,z.ratio,p.value
diff_in_diff,2.6999920561764457,1.4284314462303112,Inf,1,1.877418730997803,0.06046072625234589
