contrast,ratio,SE,df,null,z.ratio,p.value
diff_in_diff,0.6778949968678505,0.3088244625691971,Inf,1,-0.8533663611953222,0.3934561698510864
