contrast,Type,ratio,SE,df,null,z.ratio,p.value
B / A,Dived,0.29817906155761337,0.11742430836457066,Inf,1,-3.072744364652734,0.0021210009729432837
B / A,Undived,1.0307814772992885,0.26721741968074497,Inf,1,0.11694761353137169,0.9069015668515966
