contrast,ratio,SE,df,null,z.ratio,p.value
diff_in_diff,1.4644243604792822,0.26106479211877176,Inf,1,2.139785255228004,0.03237212535440918
