contrast,Type,ratio,SE,df,null,z.ratio,p.value
B / A,Dived,0.8541879772954526,0.1030947669093494,Inf,1,-1.3058222270023323,0.1916130195175648
B / A,Undived,0.7696245103942778,0.13293165978475596,Inf,1,-1.5160280628021707,0.12951225659744517
