contrast,ratio,SE,df,null,z.ratio,p.value
diff_in_diff,1.210844752353204,0.1100933917311497,Inf,1,2.1041835994376914,0.03536243460181365
