contrast,Type,ratio,SE,df,null,z.ratio,p.value
B / A,Dived,0.8008661163905612,0.06236521495025802,Inf,1,-2.8516140674011776,0.0043497876532490355
B / A,Undived,1.1483018616795018,0.11826538025617729,Inf,1,1.3426753826492137,0.17937710926487174
