Type,TransectOrder,response,SE,df,asymp.LCL,asymp.UCL
Dived,A,31.812558725254167,4.609476044302485,Inf,23.947703820318978,42.260372862514586
Undived,A,31.724505965949724,4.587691435063182,Inf,23.894740996118372,42.119907428461914
Dived,B,26.016625396569818,3.785744734561541,Inf,19.560974269654913,34.602816183622664
Undived,B,28.034060099112228,4.087760183280332,Inf,21.065358049712383,37.30810194566651
