contrast,ratio,SE,df,null,z.ratio,p.value
diff_in_diff,3.456923364159633,1.6338189405617867,Inf,1,2.6244616295837178,0.008678607056840383
