Type,TransectOrder,response,SE,df,asymp.LCL,asymp.UCL
Dived,A,9.211653470323272,1.5930431289852247,Inf,6.563457324081921,12.928332655714803
Undived,A,4.471525371728059,0.8370458022907269,Inf,3.098241671786879,6.453511787696054
Dived,B,7.377301140313539,1.284597254170668,Inf,5.244199367732009,10.378051690740502
Undived,B,5.134660908902457,0.9525566576835975,Inf,3.569448394074625,7.386223230787465
