contrast,Type,ratio,SE,df,null,z.ratio,p.value
B / A,Dived,1.0373396995570998,0.2474603721924139,Inf,1,0.1536743334828432,0.8778665232688786
B / A,Undived,1.040283900509394,0.3114821308053754,Inf,1,0.13190039380189772,0.895063077141859
