contrast,ratio,SE,df,null,z.ratio,p.value
diff_in_diff,1.0667095466186671,0.07956796742908162,Inf,1,0.865759672664393,0.38662196850661906
