contrast,ratio,SE,df,null,z.ratio,p.value
diff_in_diff,1.0536995497725097,0.0727885701859895,Inf,1,0.7572100052314652,0.4489240569530859
