Type,TransectOrder,response,SE,df,asymp.LCL,asymp.UCL
Dived,A,32.43262210962438,3.1364829889349495,Inf,26.83269860605878,39.20123698136663
Undived,A,19.41901757714646,2.0220515026137216,Inf,15.834117551127939,23.81555160518943
Dived,B,30.098448609115355,2.9176769574334855,Inf,24.89032218700836,36.39633918231907
Undived,B,19.223633842800876,2.015717945498574,Inf,15.652427226338942,23.609635283927485
