contrast,Type,ratio,SE,df,null,z.ratio,p.value
B / A,Dived,0.7142879137734067,0.2957433083681526,Inf,1,-0.8126501788793816,0.4164186532309452
B / A,Undived,1.9285716930110444,0.6351579453413985,Inf,1,1.9942231631656397,0.04612767187928445
