Type,TransectOrder,response,SE,df,asymp.LCL,asymp.UCL
Dived,A,0.6540743986741328,0.38626051314472964,Inf,0.2055673528941645,2.081134542901791
Undived,A,0.6899629039346566,0.4463754094877852,Inf,0.19414941253054596,2.4519714100656693
Dived,B,0.19503129038551315,0.1269883172823737,Inf,0.0544342116771851,0.6987738603621738
Undived,B,0.7112009813994724,0.47630774919010493,Inf,0.19139164854628515,2.642784258275778
