Type,TransectOrder,response,SE,df,asymp.LCL,asymp.UCL
Dived,A,1.3593999055481725,0.782420542969962,Inf,0.43997394830031233,4.200176193029992
Undived,A,0.3459793641899646,0.22115903379551002,Inf,0.0988416457279711,1.2110454005868287
Dived,B,1.379383742196169,0.7888467752689771,Inf,0.4496731969285539,4.23129401803643
Undived,B,0.29480342675369925,0.18754086311753143,Inf,0.0847297379954997,1.0257208682781453
