contrast,ratio,SE,df,null,z.ratio,p.value
diff_in_diff,1.6666714172318196,2.1372738318849294,Inf,1,0.39835008700848284,0.6903721446975947
