contrast,Type,ratio,SE,df,null,z.ratio,p.value
B / A,Dived,0.8602390929010588,0.03695470629445954,Inf,1,-3.5044148014166447,4.5761196726455954e-4
B / A,Undived,0.9064335448865578,0.048685419421599645,Inf,1,-1.8290038731250096,0.06739902802821096
