contrast,ratio,SE,df,null,z.ratio,p.value
diff_in_diff,1.0486950201600849,0.07515166550517828,Inf,1,0.6634827491523747,0.5070214242792418
