contrast,ratio,SE,df,null,z.ratio,p.value
diff_in_diff,0.7887620096898833,0.28285528186243,Inf,1,-0.6617017722803554,0.5081623686780998
