contrast,ratio,SE,df,null,z.ratio,p.value
diff_in_diff,3.4569210591607002,1.6338091014415403,Inf,1,2.6244742738535525,0.00867828483120001
