contrast,ratio,SE,df,null,z.ratio,p.value
diff_in_diff,0.3333288569966996,0.29658188024210613,Inf,1,-1.2347472288998456,0.21692459270875744
