Type,TransectOrder,response,SE,df,asymp.LCL,asymp.UCL
Dived,A,3.7917993518382507,1.3574777559949744,Inf,1.8798021639962752,7.64854014958431
Undived,A,0.785969691287312,0.30666912422112713,Inf,0.3658344120612872,1.6886010043220945
Dived,B,3.2326424919427463,1.1585035488042532,Inf,1.6014262011579656,6.525419325072612
Undived,B,0.6242774120466977,0.246080223758491,Inf,0.288301907187582,1.3517853246047098
