contrast,ratio,SE,df,null,z.ratio,p.value
diff_in_diff,1.4515105945511526,0.25380791236607686,Inf,1,2.130902125184663,0.033097206279784706
