Type,TransectOrder,response,SE,df,asymp.LCL,asymp.UCL
Dived,A,4.273350391608354,0.7748632564163144,Inf,2.995192801475627,6.096944263642213
Undived,A,6.103754013980176,1.0461236480902094,Inf,4.36223860052649,8.540526201084601
Dived,B,3.9654246614833295,0.7245742849102383,Inf,2.7717598834560153,5.673143925545855
Undived,B,4.628033883983084,0.8058370048221815,Inf,3.289914629161314,6.510411377074468
