contrast,ratio,SE,df,null,z.ratio,p.value
diff_in_diff,1.0486950201625385,0.07515166554595236,Inf,1,0.663482748826596,0.5070214244878217
