contrast,ratio,SE,df,null,z.ratio,p.value
diff_in_diff,0.9882631293136015,0.34907525600824213,Inf,1,-0.03342466233046057,0.9733359429521012
