contrast,ratio,SE,df,null,z.ratio,p.value
diff_in_diff,1.66667869846414,2.1372812795244966,Inf,1,0.3983538459620789,0.6903693742549069
