Type,TransectOrder,response,SE,df,asymp.LCL,asymp.UCL
Dived,A,2.478373123674857,0.7624013507153298,Inf,1.3561840301610526,4.529129678237282
Undived,A,0.8999679886153621,0.2875582985622592,Inf,0.48111693794374627,1.6834626192833841
Dived,B,2.689825044998838,0.8259632785324227,Inf,1.4734859050982843,4.910232766848491
Undived,B,0.9752944769016614,0.30995635954387607,Inf,0.5231390372816525,1.8182533683923299
