contrast,Type,ratio,SE,df,null,z.ratio,p.value
B / A,Dived,0.6188598990279444,0.19431968045874706,Inf,1,-1.5282869901853429,0.1264412986020879
B / A,Undived,1.306279534827157,0.4611373450843496,Inf,1,0.7568585582986792,0.44913460564029756
