Type,TransectOrder,response,SE,df,asymp.LCL,asymp.UCL
Dived,A,3.5765557614274113,1.330879934308997,Inf,1.7247356688195155,7.416644385487107
Undived,A,0.7936895290208924,0.3531833714683313,Inf,0.3317989800554449,1.8985684295115677
Dived,B,3.0550509315380774,1.1382721082702514,Inf,1.4718781835917385,6.341106416507976
Undived,B,0.6108429151777672,0.27419801046943976,Inf,0.2534184504850572,1.4723831919447177
