contrast,ratio,SE,df,null,z.ratio,p.value
diff_in_diff,0.7906278697898319,0.2837027171285078,Inf,1,-0.6547012628685231,0.512660112016726
