contrast,ratio,SE,df,null,z.ratio,p.value
diff_in_diff,1.2124024765037549,0.10721575603231222,Inf,1,2.1779770502934817,0.0294077453909887
