Type,TransectOrder,response,SE,df,asymp.LCL,asymp.UCL
Dived,A,32.69014773646142,3.356715540774544,Inf,26.730872527340463,39.97796023824728
Undived,A,19.14410053305926,2.004220421263902,Inf,15.592709424509524,23.50435548063246
Dived,B,30.334783505195155,3.121017851558999,Inf,24.795014430342924,37.11226274508497
Undived,B,19.23321706260209,2.0203750515111705,Inf,15.654402773740909,23.63019809338723
