contrast,ratio,SE,df,null,z.ratio,p.value
diff_in_diff,0.9882631293135264,0.349075256008465,Inf,1,-0.03342466233065173,0.9733359429519488
