Type,TransectOrder,response,SE,df,asymp.LCL,asymp.UCL
Dived,A,3.576555761427412,1.3308799343094704,Inf,1.7247356688190685,7.416644385489033
Undived,A,0.7936895290208862,0.35318337146840234,Inf,0.33179898005538183,1.8985684295118994
Dived,B,3.0550509315380783,1.1382721082704619,Inf,1.4718781835915404,6.34110641650883
Undived,B,0.6108429151777645,0.2741980104694653,Inf,0.25341845048503425,1.472383191944838
