Type,TransectOrder,response,SE,df,asymp.LCL,asymp.UCL
Dived,A,0.021367812458399624,0.025950475291444234,Inf,0.0019769923381705054,0.23094849708919835
Undived,A,0.010720487728275744,0.01368244889453292,Inf,8.786880417814638e-4,0.1307959727084741
Dived,B,0.01526277969077202,0.018714794657880333,Inf,0.0013801111033348223,0.16879252933053698
Undived,B,0.020675181019008382,0.02610747521211853,Inf,0.001740199682256826,0.24564026446344206
