contrast,ratio,SE,df,null,z.ratio,p.value
diff_in_diff,2.110783938140048,1.0684831141711875,Inf,1,1.4758127566065113,0.13999416523229977
