Type,TransectOrder,response,SE,df,asymp.LCL,asymp.UCL
Dived,A,1.5541438477232399,0.8481615177542353,Inf,0.5332794034859464,4.529263803603189
Undived,A,0.4144702335088394,0.21182923192281813,Inf,0.15221505019656537,1.1285715456062573
Dived,B,0.9454049816120029,0.5218822434123391,Inf,0.3204334189786316,2.7893176127062915
Undived,B,0.1988685025092288,0.10638626447028775,Inf,0.06969619436058117,0.5674439135895075
