Type,TransectOrder,response,SE,df,asymp.LCL,asymp.UCL
Dived,A,47.951349577564805,9.479006582738151,Inf,32.54884643422152,70.64250129283633
Undived,A,27.576526753692253,5.422256740029326,Inf,18.757345523769395,40.54224126934379
Dived,B,39.03957870789381,7.737252844042697,Inf,26.473143634668965,57.571126675484976
Undived,B,27.220159680749884,5.345741614574703,Inf,18.5235403756346,39.999755879288166
