contrast,ratio,SE,df,null,z.ratio,p.value
diff_in_diff,0.6778947455040074,0.30882433796520464,Inf,1,-0.853367203019265,0.3934557031625388
