Type,TransectOrder,response,SE,df,asymp.LCL,asymp.UCL
Dived,A,5.718189687028722e-4,0.001005809912128407,Inf,1.819802678028165e-5,0.01796771358325014
Undived,A,8.574117811524722e-4,0.0015529884508250025,Inf,2.462914293038602e-5,0.0298489868095273
Dived,B,8.577275684111973e-4,0.0014882566952684627,Inf,2.8603296204805713e-5,0.025720692340660326
Undived,B,4.287044522982803e-4,7.911465026719035e-4,Inf,1.151649371353237e-5,0.015958633937724495
