Type,TransectOrder,response,SE,df,asymp.LCL,asymp.UCL
Dived,A,0.37298272273573174,0.1968129004372455,Inf,0.1325966860435419,1.049167332988073
Undived,A,0.16561150022329613,0.07461528100203146,Inf,0.06848361469529374,0.4004924262284251
Dived,B,0.4054158762973644,0.21258661504121765,Inf,0.1450637649832025,1.1330329994743484
Undived,B,0.1307458771241267,0.06090920996613729,Inf,0.05246717378277214,0.3258129445990913
