contrast,ratio,SE,df,null,z.ratio,p.value
diff_in_diff,1.24865637757361,0.726149358996082,Inf,1,0.3818590693342269,0.702565901689149
