model,df,AIC
m_nb,7,902.6304628034763
m_nb_boats,8,904.3875214361353
m_nb_zi,8,904.6190784896112
m_nb_boats_zi,9,906.3778705017153
