model,df,AIC
m_nb_zi,8,1845.6713912144826
m_nb_boats_zi,9,1847.63307299969
m_nb,7,1852.6766882223587
m_nb_boats,8,1854.6596844569315
