model,df,AIC
m_nb_boats,8,1418.8389586391356
m_nb,7,1419.0002258068573
m_nb_boats_zi,9,1420.8389587834786
m_nb_zi,8,1421.000225975544
