model,df,AIC
m_nb_zi,8,1370.0756571990225
m_nb_boats_zi,9,1372.0182876984843
m_nb,7,1387.6905359064847
m_nb_boats,8,1389.539418995434
