model,df,AIC
m_nb,7,884.2631121869398
m_nb_boats,8,886.1164710623833
m_nb_zi,8,886.4009816964814
m_nb_boats_zi,9,888.256925172432
