model,df,AIC
m_nb_zi,8,1394.4222801641936
m_nb_boats_zi,9,1396.3107170174446
m_nb,7,1415.0505050386262
m_nb_boats,8,1417.0161589677582
