model,df,AIC
m_nb_zi,8,1807.0038618451226
m_nb_boats_zi,9,1808.9721989804464
m_nb,7,1809.9782663954659
m_nb_boats,8,1811.9637564536758
