model,df,AIC
m_nb_boats,8,1451.4748535811316
m_nb,7,1451.961943112713
m_nb_boats_zi,9,1453.474853788289
m_nb_zi,8,1453.961943235236
