effect,component,term,estimate,std.error,statistic,p.value,conf.low,conf.high
fixed,cond,(Intercept),4.8017778653003,0.14984289235100864,32.04541630210983,2.5430801153178296e-225,4.508091192953011,5.095464537647589
fixed,cond,TypeUndived,-0.4590103569888175,0.2104151228555767,-2.181451365089713,0.029150047978191703,-0.8714164195883185,-0.04660429438931646
fixed,cond,TransectOrderB,-0.18083847348247875,0.04126816948563076,-4.3820328290898685,1.1757708684583952e-5,-0.2617225993822099,-0.09995434758274764
fixed,cond,TypeUndived:TransectOrderB,0.13624536947580332,0.06052594885321947,2.2510240988738537,0.024384011078231693,0.017616689593379795,0.25487404935822683
fixed,zi,(Intercept),-4.477358715635897,0.7111206408035492,-6.296201317650672,3.0502817166460384e-10,-5.871129560273897,-3.0835878709978966
