effect,component,term,estimate,std.error,statistic,p.value,conf.low,conf.high
fixed,cond,(Intercept),3.5515813781360355,0.20750060821832167,17.116004664426047,1.1275341406782004e-65,3.1448876592579693,3.9582750970141016
fixed,cond,TypeUndived,-0.9452416474379086,0.3297440690611648,-2.866591809002557,0.0041491779218117844,-1.5915281469134799,-0.29895514796233735
fixed,cond,TransectOrderB,-0.13166327698775537,0.06013172887808085,-2.189580766166015,0.02855465518685385,-0.24951929991692093,-0.013807254058589818
fixed,cond,scale(Boats),-0.22523198385497897,0.1506865690619253,-1.4947051038265986,0.1349914217010323,-0.52057223217026,0.07010826446030208
fixed,cond,TypeUndived:TransectOrderB,-0.02392020338366329,0.09333628712157298,-0.2562797827227324,0.7977348071318698,-0.20685596459263597,0.15901555782530938
