effect,component,term,estimate,std.error,statistic,p.value,conf.low,conf.high
fixed,cond,(Intercept),3.387405895613364,0.1014240858157554,33.398436558421096,1.4445321260495118e-244,3.188618340249584,3.5861934509771443
fixed,cond,TypeUndived,-0.3076552174827799,0.14425754757742174,-2.1326802143067356,0.03295096807112633,-0.5903948152325997,-0.024915619732960026
fixed,cond,TransectOrderB,-0.12500896048308077,0.06217863007361385,-2.0104810983304313,0.04438029476807319,-0.24687683603540297,-0.0031410849307585698
fixed,cond,TypeUndived:TransectOrderB,0.08713412685134418,0.09227380263627095,0.9442997293046805,0.34501650423661634,-0.09371920303230395,0.2679874567349923
fixed,zi,(Intercept),-3.362863454236778,0.4183369894506423,-8.038647164939611,9.08357211678382e-16,-4.1827888869609495,-2.5429380215126067
