contrast,ratio,SE,df,null,z.ratio,p.value
diff_in_diff,1.0910921804393405,0.10274525209567091,Inf,1,0.9257901070466102,0.35455506940407205
