contrast,ratio,SE,df,null,z.ratio,p.value
diff_in_diff,1.1459630434519166,0.06936050055565042,Inf,1,2.2510240988738537,0.024384011078231693
