Type,TransectOrder,response,SE,df,asymp.LCL,asymp.UCL
Dived,A,39.470713686472195,9.048427848802842,Inf,25.185005832541197,61.85971324677934
Undived,A,15.82216329659935,2.586236636838028,Inf,11.485009869434098,21.797182086060378
Dived,B,34.61153064650335,7.942491118455813,Inf,22.074510539176305,54.268838784343046
Undived,B,13.63088826015969,2.2354721581079677,Inf,9.883862605852785,18.7984315616585
