contrast,Type,ratio,SE,df,null,z.ratio,p.value
B / A,Dived,0.8344990829444384,0.034735035474337775,Inf,1,-4.346637487750682,1.3824041211432502e-5
B / A,Undived,0.9536410530455812,0.04364123991653215,Inf,1,-1.0372613084088032,0.29961409251759513
