Type,TransectOrder,response,SE,df,asymp.LCL,asymp.UCL
Dived,A,122.5341712064341,19.636298827806556,Inf,89.50572107439581,167.7504290565714
Undived,A,77.785746664271,13.341626101404087,Inf,55.578134113956736,108.86695785274158
Dived,B,102.25465350112604,16.398213856214035,Inf,74.67563558440574,140.01908495063205
Undived,B,74.1796813608522,12.72709049184345,Inf,52.99603366970831,103.83088593180466
