Type,TransectOrder,response,SE,df,asymp.LCL,asymp.UCL
Dived,A,39.53752055557749,10.126413532314826,Inf,23.933064906262388,65.31614474808354
Undived,A,15.363713473456961,3.039602758501944,Inf,10.425381464391515,22.641252265032573
Dived,B,34.66001896793997,8.883610019513691,Inf,20.972962033680876,57.279315765161904
Undived,B,13.150042370674338,2.6082964196461464,Inf,8.914402999787017,19.398227156059907
