contrast,ratio,SE,df,null,z.ratio,p.value
diff_in_diff,1.1376189154559735,0.2519807170487132,Inf,1,0.582114517851183,0.5604895468854745
