contrast,ratio,SE,df,null,z.ratio,p.value
diff_in_diff,1.109352332509351,0.2471518197766353,Inf,1,0.4658049777772175,0.6413551017275694
