Type,TransectOrder,response,SE,df,asymp.LCL,asymp.UCL
Dived,A,121.72663882289058,18.239871637388504,Inf,90.74843183612975,163.27967656647922
Undived,A,76.92012211758927,11.337528758056903,Inf,57.620677460522565,102.68371437733504
Dived,B,101.58941958897069,15.235857796285362,Inf,75.71634766832642,136.303592159942
Undived,B,73.56537041210257,10.846782879726344,Inf,55.102175457219445,98.21506463155073
