contrast,Type,ratio,SE,df,null,z.ratio,p.value
B / A,Dived,0.8766361289453835,0.052713646030474126,Inf,1,-2.189580766166015,0.02855465518685385
B / A,Undived,0.8559156217924098,0.061284613876000815,Inf,1,-2.172916216983431,0.029786623687914342
