contrast,Type,ratio,SE,df,null,z.ratio,p.value
B / A,Dived,0.8334963308228373,0.1151104359528058,Inf,1,-1.3187452026550592,0.18725430933754475
B / A,Undived,0.9482011919072094,0.16514158274760088,Inf,1,-0.3053953222886978,0.760065084007949
