Type,TransectOrder,response,SE,df,asymp.LCL,asymp.UCL
Dived,A,4.619124973817732,1.6424727077816985,Inf,2.300852003766164,9.273223783547213
Undived,A,1.3796641896452342,0.5153710551013663,Inf,0.6634506130254151,2.869050444477506
Dived,B,3.850023717289213,1.372870156685759,Inf,1.913972146992117,7.744460987577007
Undived,B,1.3081992290533053,0.48958303408276477,Inf,0.6282298403256037,2.7241387037722893
