contrast,ratio,SE,df,null,z.ratio,p.value
diff_in_diff,1.1427706423364343,0.07070390279925087,Inf,1,2.1570132911548137,0.031004628856748085
