contrast,ratio,SE,df,null,z.ratio,p.value
diff_in_diff,1.0910430080681313,0.10067468719416212,Inf,1,0.9442997293046805,0.34501650423661634
