contrast,Type,ratio,SE,df,null,z.ratio,p.value
B / A,Dived,0.8816367457681352,0.055214076550201795,Inf,1,-2.0115220184676046,0.04427034699100842
B / A,Undived,0.9619469592955993,0.06765124871139366,Inf,1,-0.5516477811214329,0.5811896932484473
