Type,TransectOrder,response,SE,df,asymp.LCL,asymp.UCL
Dived,A,29.331020674980167,2.6074695456595194,Inf,24.640927312489723,34.91381484657236
Undived,A,21.86463028790921,2.1129809442115537,Inf,18.091837572928448,26.424184702072527
Dived,B,25.85930561794741,2.325222806748231,Inf,21.68095104386306,30.842913011036366
Undived,B,21.03261462157673,2.0182174871830734,Inf,17.426689239837305,25.384677016475745
