contrast,ratio,SE,df,null,z.ratio,p.value
diff_in_diff,0.9824545505444399,0.08896035027730469,Inf,1,-0.19548731333633476,0.8450114685797087
