Type,TransectOrder,response,SE,df,asymp.LCL,asymp.UCL
Dived,A,4.460190928642445,1.6485936834003063,Inf,2.1613689950687505,9.204029096989785
Undived,A,1.5401248327225048,0.646791005015269,Inf,0.6762156594215298,3.5077337641036634
Dived,B,3.7218242368295487,1.3791067452303345,Inf,1.8003071656665397,7.694229026035866
Undived,B,1.4256989636282758,0.6005385110998558,Inf,0.6244265782974374,3.2551745962397653
