contrast,ratio,SE,df,null,z.ratio,p.value
diff_in_diff,0.9763636171624581,0.09113015490653274,Inf,1,-0.2562797827227324,0.7977348071318698
