Type,TransectOrder,response,SE,df,asymp.LCL,asymp.UCL
Dived,A,29.58909542389174,3.0010469534833715,Inf,24.254892272927794,36.09641131992908
Undived,A,21.752978226846277,2.247196862403299,Inf,17.76581504996015,26.63497623987196
Dived,B,26.112051084224266,2.6732708349322105,Inf,21.36473998449693,31.914229347977383
Undived,B,20.944495024228832,2.150538716857057,Inf,17.12656344258702,25.61353731532282
